StatNam;StatNr;praef;Fangradius;DEN;WTC;n1;n2;Erfassungsquote;Anfang;Ende;Dauer;Leq
Hanau/Steinheim 1;72;2500;500;D;H;2371;2519;94%;2023-05-01T09:01:10Z;2023-07-31T22:49:55Z;4017600;47.1230433629833s
Hanau/Steinheim 1;72;2500;500;D;L;40;76;53%;2023-05-01T09:01:10Z;2023-07-31T22:49:55Z;4017600;19.8144521388362s
Hanau/Steinheim 1;72;2500;500;D;M;5323;6656;80%;2023-05-01T09:01:10Z;2023-07-31T22:49:55Z;4017600;45.1511535936473s
Hanau/Steinheim 1;72;2500;500;D;NA;92;111;83%;2023-05-01T09:01:10Z;2023-07-31T22:49:55Z;4017600;30.3437754183223s
Hanau/Steinheim 1;72;2500;500;E;H;955;1050;91%;2023-05-01T09:01:10Z;2023-07-31T22:49:55Z;1339200;45.9408790910862s
Hanau/Steinheim 1;72;2500;500;E;L;18;37;49%;2023-05-01T09:01:10Z;2023-07-31T22:49:55Z;1339200;19.3099581853807s
Hanau/Steinheim 1;72;2500;500;E;M;2561;3043;84%;2023-05-01T09:01:10Z;2023-07-31T22:49:55Z;1339200;46.1019118910517s
Hanau/Steinheim 1;72;2500;500;E;NA;44;53;83%;2023-05-01T09:01:10Z;2023-07-31T22:49:55Z;1339200;29.482252742027s
Hanau/Steinheim 1;72;2500;500;N;H;70;308;23%;2023-05-01T09:01:10Z;2023-07-31T22:49:55Z;2678400;31.8631685989703s
Hanau/Steinheim 1;72;2500;500;N;L;5;50;10%;2023-05-01T09:01:10Z;2023-07-31T22:49:55Z;2678400;13.0154271404926s
Hanau/Steinheim 1;72;2500;500;N;M;2116;3533;60%;2023-05-01T09:01:10Z;2023-07-31T22:49:55Z;2678400;42.3099764180901s
Hanau/Steinheim 1;72;2500;500;N;NA;5;27;19%;2023-05-01T09:01:10Z;2023-07-31T22:49:55Z;2678400;16.1073681687262s
Hanau/Steinheim 1;72;2500;1000;D;H;2711;2957;92%;2023-05-01T09:01:10Z;2023-07-31T22:49:55Z;4017600;47.519756014295s
Hanau/Steinheim 1;72;2500;1000;D;L;41;77;53%;2023-05-01T09:01:10Z;2023-07-31T22:49:55Z;4017600;19.8839375289782s
Hanau/Steinheim 1;72;2500;1000;D;M;5589;7085;79%;2023-05-01T09:01:10Z;2023-07-31T22:49:55Z;4017600;45.3176228980578s
Hanau/Steinheim 1;72;2500;1000;D;NA;99;121;82%;2023-05-01T09:01:10Z;2023-07-31T22:49:55Z;4017600;30.6575393958971s
Hanau/Steinheim 1;72;2500;1000;E;H;997;1096;91%;2023-05-01T09:01:10Z;2023-07-31T22:49:55Z;1339200;46.0585081708498s
Hanau/Steinheim 1;72;2500;1000;E;L;19;38;50%;2023-05-01T09:01:10Z;2023-07-31T22:49:55Z;1339200;19.499810482783s
Hanau/Steinheim 1;72;2500;1000;E;M;2698;3223;84%;2023-05-01T09:01:10Z;2023-07-31T22:49:55Z;1339200;46.2683601511878s
Hanau/Steinheim 1;72;2500;1000;E;NA;48;58;83%;2023-05-01T09:01:10Z;2023-07-31T22:49:55Z;1339200;29.6701025736021s
Hanau/Steinheim 1;72;2500;1000;N;H;75;395;19%;2023-05-01T09:01:10Z;2023-07-31T22:49:55Z;2678400;32.0087975563532s
Hanau/Steinheim 1;72;2500;1000;N;L;6;55;11%;2023-05-01T09:01:10Z;2023-07-31T22:49:55Z;2678400;13.2961353752045s
Hanau/Steinheim 1;72;2500;1000;N;M;2242;3824;59%;2023-05-01T09:01:10Z;2023-07-31T22:49:55Z;2678400;42.5222951995419s
Hanau/Steinheim 1;72;2500;1000;N;NA;6;32;19%;2023-05-01T09:01:10Z;2023-07-31T22:49:55Z;2678400;17.1582823938003s
Hanau/Steinheim 1;72;2500;1500;D;H;2772;3028;92%;2023-05-01T09:01:10Z;2023-07-31T22:49:55Z;4017600;47.5653393084403s
Hanau/Steinheim 1;72;2500;1500;D;L;41;77;53%;2023-05-01T09:01:10Z;2023-07-31T22:49:55Z;4017600;19.8839375289782s
Hanau/Steinheim 1;72;2500;1500;D;M;5664;7230;78%;2023-05-01T09:01:10Z;2023-07-31T22:49:55Z;4017600;45.3431330452963s
Hanau/Steinheim 1;72;2500;1500;D;NA;101;126;80%;2023-05-01T09:01:10Z;2023-07-31T22:49:55Z;4017600;30.6999306347202s
Hanau/Steinheim 1;72;2500;1500;E;H;1013;1120;90%;2023-05-01T09:01:10Z;2023-07-31T22:49:55Z;1339200;46.0871798822983s
Hanau/Steinheim 1;72;2500;1500;E;L;20;40;50%;2023-05-01T09:01:10Z;2023-07-31T22:49:55Z;1339200;20.1430861226841s
Hanau/Steinheim 1;72;2500;1500;E;M;2741;3303;83%;2023-05-01T09:01:10Z;2023-07-31T22:49:55Z;1339200;46.3033899711455s
Hanau/Steinheim 1;72;2500;1500;E;NA;49;59;83%;2023-05-01T09:01:10Z;2023-07-31T22:49:55Z;1339200;29.732734139723s
Hanau/Steinheim 1;72;2500;1500;N;H;78;406;19%;2023-05-01T09:01:10Z;2023-07-31T22:49:55Z;2678400;32.0983900555031s
Hanau/Steinheim 1;72;2500;1500;N;L;6;59;10%;2023-05-01T09:01:10Z;2023-07-31T22:49:55Z;2678400;13.2961353752045s
Hanau/Steinheim 1;72;2500;1500;N;M;2300;4027;57%;2023-05-01T09:01:10Z;2023-07-31T22:49:55Z;2678400;42.5876007949468s
Hanau/Steinheim 1;72;2500;1500;N;NA;7;35;20%;2023-05-01T09:01:10Z;2023-07-31T22:49:55Z;2678400;17.4642615607176s
Hanau/Steinheim 1;72;2500;2000;D;H;2821;3107;91%;2023-05-01T09:01:10Z;2023-07-31T22:49:55Z;4017600;47.604709434123s
Hanau/Steinheim 1;72;2500;2000;D;L;42;78;54%;2023-05-01T09:01:10Z;2023-07-31T22:49:55Z;4017600;19.9164311543297s
Hanau/Steinheim 1;72;2500;2000;D;M;5770;7427;78%;2023-05-01T09:01:10Z;2023-07-31T22:49:55Z;4017600;45.4965996478862s
Hanau/Steinheim 1;72;2500;2000;D;NA;105;133;79%;2023-05-01T09:01:10Z;2023-07-31T22:49:55Z;4017600;30.9432340643562s
Hanau/Steinheim 1;72;2500;2000;E;H;1029;1148;90%;2023-05-01T09:01:10Z;2023-07-31T22:49:55Z;1339200;46.1222503190636s
Hanau/Steinheim 1;72;2500;2000;E;L;20;40;50%;2023-05-01T09:01:10Z;2023-07-31T22:49:55Z;1339200;20.1430861226841s
Hanau/Steinheim 1;72;2500;2000;E;M;2777;3384;82%;2023-05-01T09:01:10Z;2023-07-31T22:49:55Z;1339200;46.3692679765695s
Hanau/Steinheim 1;72;2500;2000;E;NA;49;60;82%;2023-05-01T09:01:10Z;2023-07-31T22:49:55Z;1339200;29.732734139723s
Hanau/Steinheim 1;72;2500;2000;N;H;81;446;18%;2023-05-01T09:01:10Z;2023-07-31T22:49:55Z;2678400;32.1774052036108s
Hanau/Steinheim 1;72;2500;2000;N;L;6;62;10%;2023-05-01T09:01:10Z;2023-07-31T22:49:55Z;2678400;13.2961353752045s
Hanau/Steinheim 1;72;2500;2000;N;M;2349;4402;53%;2023-05-01T09:01:10Z;2023-07-31T22:49:55Z;2678400;42.6624427088131s
Hanau/Steinheim 1;72;2500;2000;N;NA;7;40;18%;2023-05-01T09:01:10Z;2023-07-31T22:49:55Z;2678400;17.4642615607176s
Hanau/Steinheim 1;72;2500;2500;D;H;3546;4224;84%;2023-05-01T09:01:10Z;2023-07-31T22:49:55Z;4017600;48.236624705538s
Hanau/Steinheim 1;72;2500;2500;D;L;42;78;54%;2023-05-01T09:01:10Z;2023-07-31T22:49:55Z;4017600;19.9164311543297s
Hanau/Steinheim 1;72;2500;2500;D;M;7973;10305;77%;2023-05-01T09:01:10Z;2023-07-31T22:49:55Z;4017600;47.9236502872209s
Hanau/Steinheim 1;72;2500;2500;D;NA;146;195;75%;2023-05-01T09:01:10Z;2023-07-31T22:49:55Z;4017600;31.9393299042534s
Hanau/Steinheim 1;72;2500;2500;E;H;1147;1355;85%;2023-05-01T09:01:10Z;2023-07-31T22:49:55Z;1339200;46.3691583471711s
Hanau/Steinheim 1;72;2500;2500;E;L;20;40;50%;2023-05-01T09:01:10Z;2023-07-31T22:49:55Z;1339200;20.1430861226841s
Hanau/Steinheim 1;72;2500;2500;E;M;3516;4330;81%;2023-05-01T09:01:10Z;2023-07-31T22:49:55Z;1339200;47.7878362223065s
Hanau/Steinheim 1;72;2500;2500;E;NA;53;68;78%;2023-05-01T09:01:10Z;2023-07-31T22:49:55Z;1339200;29.8527976819929s
Hanau/Steinheim 1;72;2500;2500;N;H;106;1033;10%;2023-05-01T09:01:10Z;2023-07-31T22:49:55Z;2678400;32.7934120610359s
Hanau/Steinheim 1;72;2500;2500;N;L;6;63;10%;2023-05-01T09:01:10Z;2023-07-31T22:49:55Z;2678400;13.2961353752045s
Hanau/Steinheim 1;72;2500;2500;N;M;2905;7615;38%;2023-05-01T09:01:10Z;2023-07-31T22:49:55Z;2678400;43.729864506285s
Hanau/Steinheim 1;72;2500;2500;N;NA;8;74;11%;2023-05-01T09:01:10Z;2023-07-31T22:49:55Z;2678400;17.8072051650691s
Hanau/Steinheim 1;72;2500;3000;D;H;3558;4255;84%;2023-05-01T09:01:10Z;2023-07-31T22:49:55Z;4017600;48.2412063268909s
Hanau/Steinheim 1;72;2500;3000;D;L;42;79;53%;2023-05-01T09:01:10Z;2023-07-31T22:49:55Z;4017600;19.9164311543297s
Hanau/Steinheim 1;72;2500;3000;D;M;7985;10337;77%;2023-05-01T09:01:10Z;2023-07-31T22:49:55Z;4017600;47.9307904228745s
Hanau/Steinheim 1;72;2500;3000;D;NA;147;196;75%;2023-05-01T09:01:10Z;2023-07-31T22:49:55Z;4017600;31.963914033992s
Hanau/Steinheim 1;72;2500;3000;E;H;1148;1357;85%;2023-05-01T09:01:10Z;2023-07-31T22:49:55Z;1339200;46.3709777633904s
Hanau/Steinheim 1;72;2500;3000;E;L;20;40;50%;2023-05-01T09:01:10Z;2023-07-31T22:49:55Z;1339200;20.1430861226841s
Hanau/Steinheim 1;72;2500;3000;E;M;3522;4346;81%;2023-05-01T09:01:10Z;2023-07-31T22:49:55Z;1339200;47.7936350831962s
Hanau/Steinheim 1;72;2500;3000;E;NA;53;68;78%;2023-05-01T09:01:10Z;2023-07-31T22:49:55Z;1339200;29.8527976819929s
Hanau/Steinheim 1;72;2500;3000;N;H;106;1066;10%;2023-05-01T09:01:10Z;2023-07-31T22:49:55Z;2678400;32.7934120610359s
Hanau/Steinheim 1;72;2500;3000;N;L;6;67;9%;2023-05-01T09:01:10Z;2023-07-31T22:49:55Z;2678400;13.2961353752045s
Hanau/Steinheim 1;72;2500;3000;N;M;2910;7764;37%;2023-05-01T09:01:10Z;2023-07-31T22:49:55Z;2678400;43.7394808563329s
Hanau/Steinheim 1;72;2500;3000;N;NA;8;78;10%;2023-05-01T09:01:10Z;2023-07-31T22:49:55Z;2678400;17.8072051650691s
Hanau/Steinheim 1;72;2500;3500;D;H;3559;4260;84%;2023-05-01T09:01:10Z;2023-07-31T22:49:55Z;4017600;48.2418238683304s
Hanau/Steinheim 1;72;2500;3500;D;L;42;79;53%;2023-05-01T09:01:10Z;2023-07-31T22:49:55Z;4017600;19.9164311543297s
Hanau/Steinheim 1;72;2500;3500;D;M;7990;10350;77%;2023-05-01T09:01:10Z;2023-07-31T22:49:55Z;4017600;47.9320873923412s
Hanau/Steinheim 1;72;2500;3500;D;NA;147;196;75%;2023-05-01T09:01:10Z;2023-07-31T22:49:55Z;4017600;31.963914033992s
Hanau/Steinheim 1;72;2500;3500;E;H;1150;1360;85%;2023-05-01T09:01:10Z;2023-07-31T22:49:55Z;1339200;46.3725448267907s
Hanau/Steinheim 1;72;2500;3500;E;L;20;40;50%;2023-05-01T09:01:10Z;2023-07-31T22:49:55Z;1339200;20.1430861226841s
Hanau/Steinheim 1;72;2500;3500;E;M;3527;4357;81%;2023-05-01T09:01:10Z;2023-07-31T22:49:55Z;1339200;47.8058158644303s
Hanau/Steinheim 1;72;2500;3500;E;NA;53;68;78%;2023-05-01T09:01:10Z;2023-07-31T22:49:55Z;1339200;29.8527976819929s
Hanau/Steinheim 1;72;2500;3500;N;H;106;1082;10%;2023-05-01T09:01:10Z;2023-07-31T22:49:55Z;2678400;32.7934120610359s
Hanau/Steinheim 1;72;2500;3500;N;L;6;67;9%;2023-05-01T09:01:10Z;2023-07-31T22:49:55Z;2678400;13.2961353752045s
Hanau/Steinheim 1;72;2500;3500;N;M;2913;7843;37%;2023-05-01T09:01:10Z;2023-07-31T22:49:55Z;2678400;43.7436390025165s
Hanau/Steinheim 1;72;2500;3500;N;NA;8;80;10%;2023-05-01T09:01:10Z;2023-07-31T22:49:55Z;2678400;17.8072051650691s
Hanau/Steinheim 1;72;2500;4000;D;H;3562;4264;84%;2023-05-01T09:01:10Z;2023-07-31T22:49:55Z;4017600;48.2427271525842s
Hanau/Steinheim 1;72;2500;4000;D;L;42;79;53%;2023-05-01T09:01:10Z;2023-07-31T22:49:55Z;4017600;19.9164311543297s
Hanau/Steinheim 1;72;2500;4000;D;M;7991;10355;77%;2023-05-01T09:01:10Z;2023-07-31T22:49:55Z;4017600;47.9322457361034s
Hanau/Steinheim 1;72;2500;4000;D;NA;148;198;75%;2023-05-01T09:01:10Z;2023-07-31T22:49:55Z;4017600;31.9785255551624s
Hanau/Steinheim 1;72;2500;4000;E;H;1150;1360;85%;2023-05-01T09:01:10Z;2023-07-31T22:49:55Z;1339200;46.3725448267907s
Hanau/Steinheim 1;72;2500;4000;E;L;20;40;50%;2023-05-01T09:01:10Z;2023-07-31T22:49:55Z;1339200;20.1430861226841s
Hanau/Steinheim 1;72;2500;4000;E;M;3529;4362;81%;2023-05-01T09:01:10Z;2023-07-31T22:49:55Z;1339200;47.8083975191848s
Hanau/Steinheim 1;72;2500;4000;E;NA;53;68;78%;2023-05-01T09:01:10Z;2023-07-31T22:49:55Z;1339200;29.8527976819929s
Hanau/Steinheim 1;72;2500;4000;N;H;106;1095;10%;2023-05-01T09:01:10Z;2023-07-31T22:49:55Z;2678400;32.7934120610359s
Hanau/Steinheim 1;72;2500;4000;N;L;6;68;9%;2023-05-01T09:01:10Z;2023-07-31T22:49:55Z;2678400;13.2961353752045s
Hanau/Steinheim 1;72;2500;4000;N;M;2915;7892;37%;2023-05-01T09:01:10Z;2023-07-31T22:49:55Z;2678400;43.7519701026745s
Hanau/Steinheim 1;72;2500;4000;N;NA;8;82;10%;2023-05-01T09:01:10Z;2023-07-31T22:49:55Z;2678400;17.8072051650691s
Rodgau;205;1000;500;D;H;3;4;75%;2023-05-01T07:00:44Z;2023-07-31T23:22:56Z;4017600;17.8696137281111s
Rodgau;205;1000;500;D;L;1;2;50%;2023-05-01T07:00:44Z;2023-07-31T23:22:56Z;4017600;3.76033304631152s
Rodgau;205;1000;500;D;M;9;45;20%;2023-05-01T07:00:44Z;2023-07-31T23:22:56Z;4017600;16.0603017584872s
Rodgau;205;1000;500;E;H;2;2;100%;2023-05-01T07:00:44Z;2023-07-31T23:22:56Z;1339200;20.1295434507422s
Rodgau;205;1000;500;E;M;5;18;28%;2023-05-01T07:00:44Z;2023-07-31T23:22:56Z;1339200;23.2520128118445s
Rodgau;205;1000;500;N;H;4;9;44%;2023-05-01T07:00:44Z;2023-07-31T23:22:56Z;2678400;17.7905796785596s
Rodgau;205;1000;500;N;M;106;145;73%;2023-05-01T07:00:44Z;2023-07-31T23:22:56Z;2678400;31.5175700998983s
Rodgau;205;1000;500;N;NA;1;1;100%;2023-05-01T07:00:44Z;2023-07-31T23:22:56Z;2678400;18.1212456368683s
Rodgau;205;1000;1000;D;H;285;399;71%;2023-05-01T07:00:44Z;2023-07-31T23:22:56Z;4017600;36.2551762890499s
Rodgau;205;1000;1000;D;L;1;5;20%;2023-05-01T07:00:44Z;2023-07-31T23:22:56Z;4017600;3.76033304631152s
Rodgau;205;1000;1000;D;M;263;838;31%;2023-05-01T07:00:44Z;2023-07-31T23:22:56Z;4017600;30.6003293755166s
Rodgau;205;1000;1000;D;NA;14;16;88%;2023-05-01T07:00:44Z;2023-07-31T23:22:56Z;4017600;22.7220674896891s
Rodgau;205;1000;1000;E;H;115;183;63%;2023-05-01T07:00:44Z;2023-07-31T23:22:56Z;1339200;37.7772648860993s
Rodgau;205;1000;1000;E;L;1;3;33%;2023-05-01T07:00:44Z;2023-07-31T23:22:56Z;1339200;16.5415455935082s
Rodgau;205;1000;1000;E;M;83;296;28%;2023-05-01T07:00:44Z;2023-07-31T23:22:56Z;1339200;31.2581929754305s
Rodgau;205;1000;1000;E;NA;6;18;33%;2023-05-01T07:00:44Z;2023-07-31T23:22:56Z;1339200;22.4054611369879s
Rodgau;205;1000;1000;N;H;121;349;35%;2023-05-01T07:00:44Z;2023-07-31T23:22:56Z;2678400;34.8250590815148s
Rodgau;205;1000;1000;N;M;157;718;22%;2023-05-01T07:00:44Z;2023-07-31T23:22:56Z;2678400;32.5892906721549s
Rodgau;205;1000;1000;N;NA;13;45;29%;2023-05-01T07:00:44Z;2023-07-31T23:22:56Z;2678400;24.0515692501739s
Rodgau;205;1000;1500;D;H;292;420;70%;2023-05-01T07:00:44Z;2023-07-31T23:22:56Z;4017600;36.3443290586708s
Rodgau;205;1000;1500;D;L;1;7;14%;2023-05-01T07:00:44Z;2023-07-31T23:22:56Z;4017600;3.76033304631152s
Rodgau;205;1000;1500;D;M;322;1128;29%;2023-05-01T07:00:44Z;2023-07-31T23:22:56Z;4017600;31.2678331322267s
Rodgau;205;1000;1500;D;NA;16;22;73%;2023-05-01T07:00:44Z;2023-07-31T23:22:56Z;4017600;22.8393070795587s
Rodgau;205;1000;1500;E;H;116;185;63%;2023-05-01T07:00:44Z;2023-07-31T23:22:56Z;1339200;37.843622426543s
Rodgau;205;1000;1500;E;L;1;3;33%;2023-05-01T07:00:44Z;2023-07-31T23:22:56Z;1339200;16.5415455935082s
Rodgau;205;1000;1500;E;M;94;387;24%;2023-05-01T07:00:44Z;2023-07-31T23:22:56Z;1339200;31.5381218553531s
Rodgau;205;1000;1500;E;NA;6;21;29%;2023-05-01T07:00:44Z;2023-07-31T23:22:56Z;1339200;22.4054611369879s
Rodgau;205;1000;1500;N;H;125;368;34%;2023-05-01T07:00:44Z;2023-07-31T23:22:56Z;2678400;34.8906679901079s
Rodgau;205;1000;1500;N;L;0;2;0%;2023-05-01T07:00:44Z;2023-07-31T23:22:56Z;2678400;-Infs (~-Inf years)
Rodgau;205;1000;1500;N;M;175;946;18%;2023-05-01T07:00:44Z;2023-07-31T23:22:56Z;2678400;32.7835326842716s
Rodgau;205;1000;1500;N;NA;13;53;25%;2023-05-01T07:00:44Z;2023-07-31T23:22:56Z;2678400;24.0515692501739s
Rodgau;205;1000;2000;D;H;292;423;69%;2023-05-01T07:00:44Z;2023-07-31T23:22:56Z;4017600;36.3443290586708s
Rodgau;205;1000;2000;D;L;1;7;14%;2023-05-01T07:00:44Z;2023-07-31T23:22:56Z;4017600;3.76033304631152s
Rodgau;205;1000;2000;D;M;329;1279;26%;2023-05-01T07:00:44Z;2023-07-31T23:22:56Z;4017600;31.5454380867589s
Rodgau;205;1000;2000;D;NA;17;24;71%;2023-05-01T07:00:44Z;2023-07-31T23:22:56Z;4017600;22.9974163950943s
Rodgau;205;1000;2000;E;H;116;190;61%;2023-05-01T07:00:44Z;2023-07-31T23:22:56Z;1339200;37.843622426543s
Rodgau;205;1000;2000;E;L;1;4;25%;2023-05-01T07:00:44Z;2023-07-31T23:22:56Z;1339200;16.5415455935082s
Rodgau;205;1000;2000;E;M;95;435;22%;2023-05-01T07:00:44Z;2023-07-31T23:22:56Z;1339200;31.5819681126251s
Rodgau;205;1000;2000;E;NA;6;24;25%;2023-05-01T07:00:44Z;2023-07-31T23:22:56Z;1339200;22.4054611369879s
Rodgau;205;1000;2000;N;H;125;372;34%;2023-05-01T07:00:44Z;2023-07-31T23:22:56Z;2678400;34.8906679901079s
Rodgau;205;1000;2000;N;L;0;7;0%;2023-05-01T07:00:44Z;2023-07-31T23:22:56Z;2678400;-Infs (~-Inf years)
Rodgau;205;1000;2000;N;M;181;1126;16%;2023-05-01T07:00:44Z;2023-07-31T23:22:56Z;2678400;32.811938157269s
Rodgau;205;1000;2000;N;NA;13;57;23%;2023-05-01T07:00:44Z;2023-07-31T23:22:56Z;2678400;24.0515692501739s
Rodgau;205;1000;2500;D;H;293;427;69%;2023-05-01T07:00:44Z;2023-07-31T23:22:56Z;4017600;36.3468251467127s
Rodgau;205;1000;2500;D;L;1;7;14%;2023-05-01T07:00:44Z;2023-07-31T23:22:56Z;4017600;3.76033304631152s
Rodgau;205;1000;2500;D;M;331;1326;25%;2023-05-01T07:00:44Z;2023-07-31T23:22:56Z;4017600;31.5541399179291s
Rodgau;205;1000;2500;D;NA;17;24;71%;2023-05-01T07:00:44Z;2023-07-31T23:22:56Z;4017600;22.9974163950943s
Rodgau;205;1000;2500;E;H;117;192;61%;2023-05-01T07:00:44Z;2023-07-31T23:22:56Z;1339200;37.8536241868862s
Rodgau;205;1000;2500;E;L;1;4;25%;2023-05-01T07:00:44Z;2023-07-31T23:22:56Z;1339200;16.5415455935082s
Rodgau;205;1000;2500;E;M;97;450;22%;2023-05-01T07:00:44Z;2023-07-31T23:22:56Z;1339200;31.7802746949335s
Rodgau;205;1000;2500;E;NA;6;24;25%;2023-05-01T07:00:44Z;2023-07-31T23:22:56Z;1339200;22.4054611369879s
Rodgau;205;1000;2500;N;H;125;375;33%;2023-05-01T07:00:44Z;2023-07-31T23:22:56Z;2678400;34.8906679901079s
Rodgau;205;1000;2500;N;L;0;13;0%;2023-05-01T07:00:44Z;2023-07-31T23:22:56Z;2678400;-Infs (~-Inf years)
Rodgau;205;1000;2500;N;M;181;1193;15%;2023-05-01T07:00:44Z;2023-07-31T23:22:56Z;2678400;32.811938157269s
Rodgau;205;1000;2500;N;NA;13;59;22%;2023-05-01T07:00:44Z;2023-07-31T23:22:56Z;2678400;24.0515692501739s
Rodgau;205;1000;3000;D;H;294;445;66%;2023-05-01T07:00:44Z;2023-07-31T23:22:56Z;4017600;36.349348679307s
Rodgau;205;1000;3000;D;L;1;10;10%;2023-05-01T07:00:44Z;2023-07-31T23:22:56Z;4017600;3.76033304631152s
Rodgau;205;1000;3000;D;M;333;1361;24%;2023-05-01T07:00:44Z;2023-07-31T23:22:56Z;4017600;31.566295267697s
Rodgau;205;1000;3000;D;NA;17;24;71%;2023-05-01T07:00:44Z;2023-07-31T23:22:56Z;4017600;22.9974163950943s
Rodgau;205;1000;3000;E;H;117;197;59%;2023-05-01T07:00:44Z;2023-07-31T23:22:56Z;1339200;37.8536241868862s
Rodgau;205;1000;3000;E;L;1;4;25%;2023-05-01T07:00:44Z;2023-07-31T23:22:56Z;1339200;16.5415455935082s
Rodgau;205;1000;3000;E;M;97;461;21%;2023-05-01T07:00:44Z;2023-07-31T23:22:56Z;1339200;31.7802746949335s
Rodgau;205;1000;3000;E;NA;6;25;24%;2023-05-01T07:00:44Z;2023-07-31T23:22:56Z;1339200;22.4054611369879s
Rodgau;205;1000;3000;N;H;126;394;32%;2023-05-01T07:00:44Z;2023-07-31T23:22:56Z;2678400;34.8932072964916s
Rodgau;205;1000;3000;N;L;0;17;0%;2023-05-01T07:00:44Z;2023-07-31T23:22:56Z;2678400;-Infs (~-Inf years)
Rodgau;205;1000;3000;N;M;181;1294;14%;2023-05-01T07:00:44Z;2023-07-31T23:22:56Z;2678400;32.811938157269s
Rodgau;205;1000;3000;N;NA;13;63;21%;2023-05-01T07:00:44Z;2023-07-31T23:22:56Z;2678400;24.0515692501739s
Rodgau;205;1000;3500;D;H;295;450;66%;2023-05-01T07:00:44Z;2023-07-31T23:22:56Z;4017600;36.4005545715289s
Rodgau;205;1000;3500;D;L;1;10;10%;2023-05-01T07:00:44Z;2023-07-31T23:22:56Z;4017600;3.76033304631152s
Rodgau;205;1000;3500;D;M;334;1377;24%;2023-05-01T07:00:44Z;2023-07-31T23:22:56Z;4017600;31.6084724461851s
Rodgau;205;1000;3500;D;NA;17;25;68%;2023-05-01T07:00:44Z;2023-07-31T23:22:56Z;4017600;22.9974163950943s
Rodgau;205;1000;3500;E;H;117;200;58%;2023-05-01T07:00:44Z;2023-07-31T23:22:56Z;1339200;37.8536241868862s
Rodgau;205;1000;3500;E;L;1;5;20%;2023-05-01T07:00:44Z;2023-07-31T23:22:56Z;1339200;16.5415455935082s
Rodgau;205;1000;3500;E;M;98;468;21%;2023-05-01T07:00:44Z;2023-07-31T23:22:56Z;1339200;31.7947021532603s
Rodgau;205;1000;3500;E;NA;6;25;24%;2023-05-01T07:00:44Z;2023-07-31T23:22:56Z;1339200;22.4054611369879s
Rodgau;205;1000;3500;N;H;126;402;31%;2023-05-01T07:00:44Z;2023-07-31T23:22:56Z;2678400;34.8932072964916s
Rodgau;205;1000;3500;N;L;0;18;0%;2023-05-01T07:00:44Z;2023-07-31T23:22:56Z;2678400;-Infs (~-Inf years)
Rodgau;205;1000;3500;N;M;181;1327;14%;2023-05-01T07:00:44Z;2023-07-31T23:22:56Z;2678400;32.811938157269s
Rodgau;205;1000;3500;N;NA;13;66;20%;2023-05-01T07:00:44Z;2023-07-31T23:22:56Z;2678400;24.0515692501739s
Rodgau;205;1000;4000;D;H;295;458;64%;2023-05-01T07:00:44Z;2023-07-31T23:22:56Z;4017600;36.4005545715289s
Rodgau;205;1000;4000;D;L;1;10;10%;2023-05-01T07:00:44Z;2023-07-31T23:22:56Z;4017600;3.76033304631152s
Rodgau;205;1000;4000;D;M;336;1415;24%;2023-05-01T07:00:44Z;2023-07-31T23:22:56Z;4017600;31.6952426268823s
Rodgau;205;1000;4000;D;NA;18;26;69%;2023-05-01T07:00:44Z;2023-07-31T23:22:56Z;4017600;23.0547233691043s
Rodgau;205;1000;4000;E;H;117;204;57%;2023-05-01T07:00:44Z;2023-07-31T23:22:56Z;1339200;37.8536241868862s
Rodgau;205;1000;4000;E;L;1;5;20%;2023-05-01T07:00:44Z;2023-07-31T23:22:56Z;1339200;16.5415455935082s
Rodgau;205;1000;4000;E;M;99;481;21%;2023-05-01T07:00:44Z;2023-07-31T23:22:56Z;1339200;31.826902285403s
Rodgau;205;1000;4000;E;NA;6;25;24%;2023-05-01T07:00:44Z;2023-07-31T23:22:56Z;1339200;22.4054611369879s
Rodgau;205;1000;4000;N;H;126;435;29%;2023-05-01T07:00:44Z;2023-07-31T23:22:56Z;2678400;34.8932072964916s
Rodgau;205;1000;4000;N;L;0;21;0%;2023-05-01T07:00:44Z;2023-07-31T23:22:56Z;2678400;-Infs (~-Inf years)
Rodgau;205;1000;4000;N;M;181;1461;12%;2023-05-01T07:00:44Z;2023-07-31T23:22:56Z;2678400;32.811938157269s
Rodgau;205;1000;4000;N;NA;13;66;20%;2023-05-01T07:00:44Z;2023-07-31T23:22:56Z;2678400;24.0515692501739s
Wiesbaden/Erbenheim;218;1500;500;D;H;79;95;83%;2023-05-01T06:28:29Z;2023-07-31T22:55:08Z;4017600;32.0124009487667s
Wiesbaden/Erbenheim;218;1500;500;D;L;0;1;0%;2023-05-01T06:28:29Z;2023-07-31T22:55:08Z;4017600;-Infs (~-Inf years)
Wiesbaden/Erbenheim;218;1500;500;D;M;13;49;27%;2023-05-01T06:28:29Z;2023-07-31T22:55:08Z;4017600;14.2352541155581s
Wiesbaden/Erbenheim;218;1500;500;E;H;32;37;86%;2023-05-01T06:28:29Z;2023-07-31T22:55:08Z;1339200;33.6183283951613s
Wiesbaden/Erbenheim;218;1500;500;E;M;10;21;48%;2023-05-01T06:28:29Z;2023-07-31T22:55:08Z;1339200;22.1872687810081s
Wiesbaden/Erbenheim;218;1500;500;N;H;48;67;72%;2023-05-01T06:28:29Z;2023-07-31T22:55:08Z;2678400;31.767142172519s
Wiesbaden/Erbenheim;218;1500;500;N;L;0;1;0%;2023-05-01T06:28:29Z;2023-07-31T22:55:08Z;2678400;-Infs (~-Inf years)
Wiesbaden/Erbenheim;218;1500;500;N;M;9;88;10%;2023-05-01T06:28:29Z;2023-07-31T22:55:08Z;2678400;18.9610487843463s
Wiesbaden/Erbenheim;218;1500;1000;D;H;156;213;73%;2023-05-01T06:28:29Z;2023-07-31T22:55:08Z;4017600;35.2176447895541s
Wiesbaden/Erbenheim;218;1500;1000;D;L;1;2;50%;2023-05-01T06:28:29Z;2023-07-31T22:55:08Z;4017600;8.29033304631153s
Wiesbaden/Erbenheim;218;1500;1000;D;M;48;222;22%;2023-05-01T06:28:29Z;2023-07-31T22:55:08Z;4017600;22.6829699202059s
Wiesbaden/Erbenheim;218;1500;1000;D;NA;0;1;0%;2023-05-01T06:28:29Z;2023-07-31T22:55:08Z;4017600;-Infs (~-Inf years)
Wiesbaden/Erbenheim;218;1500;1000;E;H;60;71;85%;2023-05-01T06:28:29Z;2023-07-31T22:55:08Z;1339200;35.9855883653987s
Wiesbaden/Erbenheim;218;1500;1000;E;L;1;1;100%;2023-05-01T06:28:29Z;2023-07-31T22:55:08Z;1339200;6.11154559350815s
Wiesbaden/Erbenheim;218;1500;1000;E;M;40;92;43%;2023-05-01T06:28:29Z;2023-07-31T22:55:08Z;1339200;26.0121467349492s
Wiesbaden/Erbenheim;218;1500;1000;E;NA;1;1;100%;2023-05-01T06:28:29Z;2023-07-31T22:55:08Z;1339200;10.3515455935082s
Wiesbaden/Erbenheim;218;1500;1000;N;H;91;139;65%;2023-05-01T06:28:29Z;2023-07-31T22:55:08Z;2678400;34.7540331925685s
Wiesbaden/Erbenheim;218;1500;1000;N;L;0;2;0%;2023-05-01T06:28:29Z;2023-07-31T22:55:08Z;2678400;-Infs (~-Inf years)
Wiesbaden/Erbenheim;218;1500;1000;N;M;27;292;9%;2023-05-01T06:28:29Z;2023-07-31T22:55:08Z;2678400;23.5007000751187s
Wiesbaden/Erbenheim;218;1500;1000;N;NA;0;1;0%;2023-05-01T06:28:29Z;2023-07-31T22:55:08Z;2678400;-Infs (~-Inf years)
Wiesbaden/Erbenheim;218;1500;1500;D;H;272;380;72%;2023-05-01T06:28:29Z;2023-07-31T22:55:08Z;4017600;37.1101790460146s
Wiesbaden/Erbenheim;218;1500;1500;D;L;2;4;50%;2023-05-01T06:28:29Z;2023-07-31T22:55:08Z;4017600;9.40661830910159s
Wiesbaden/Erbenheim;218;1500;1500;D;M;114;496;23%;2023-05-01T06:28:29Z;2023-07-31T22:55:08Z;4017600;26.8960985044705s
Wiesbaden/Erbenheim;218;1500;1500;D;NA;2;9;22%;2023-05-01T06:28:29Z;2023-07-31T22:55:08Z;4017600;7.94027732553711s
Wiesbaden/Erbenheim;218;1500;1500;E;H;77;94;82%;2023-05-01T06:28:29Z;2023-07-31T22:55:08Z;1339200;36.5086447552613s
Wiesbaden/Erbenheim;218;1500;1500;E;L;1;1;100%;2023-05-01T06:28:29Z;2023-07-31T22:55:08Z;1339200;6.11154559350815s
Wiesbaden/Erbenheim;218;1500;1500;E;M;65;194;34%;2023-05-01T06:28:29Z;2023-07-31T22:55:08Z;1339200;27.5391902948087s
Wiesbaden/Erbenheim;218;1500;1500;E;NA;2;3;67%;2023-05-01T06:28:29Z;2023-07-31T22:55:08Z;1339200;13.879429634924s
Wiesbaden/Erbenheim;218;1500;1500;N;H;140;240;58%;2023-05-01T06:28:29Z;2023-07-31T22:55:08Z;2678400;36.42541236623s
Wiesbaden/Erbenheim;218;1500;1500;N;L;0;2;0%;2023-05-01T06:28:29Z;2023-07-31T22:55:08Z;2678400;-Infs (~-Inf years)
Wiesbaden/Erbenheim;218;1500;1500;N;M;46;610;8%;2023-05-01T06:28:29Z;2023-07-31T22:55:08Z;2678400;26.9140507358314s
Wiesbaden/Erbenheim;218;1500;1500;N;NA;0;10;0%;2023-05-01T06:28:29Z;2023-07-31T22:55:08Z;2678400;-Infs (~-Inf years)
Wiesbaden/Erbenheim;218;1500;2000;D;H;309;454;68%;2023-05-01T06:28:29Z;2023-07-31T22:55:08Z;4017600;37.4573737214644s
Wiesbaden/Erbenheim;218;1500;2000;D;L;3;8;38%;2023-05-01T06:28:29Z;2023-07-31T22:55:08Z;4017600;10.4791850004286s
Wiesbaden/Erbenheim;218;1500;2000;D;M;166;711;23%;2023-05-01T06:28:29Z;2023-07-31T22:55:08Z;4017600;27.9521089820348s
Wiesbaden/Erbenheim;218;1500;2000;D;NA;5;26;19%;2023-05-01T06:28:29Z;2023-07-31T22:55:08Z;4017600;14.1178433110998s
Wiesbaden/Erbenheim;218;1500;2000;E;H;86;112;77%;2023-05-01T06:28:29Z;2023-07-31T22:55:08Z;1339200;36.9475151969769s
Wiesbaden/Erbenheim;218;1500;2000;E;L;1;2;50%;2023-05-01T06:28:29Z;2023-07-31T22:55:08Z;1339200;6.11154559350815s
Wiesbaden/Erbenheim;218;1500;2000;E;M;94;273;34%;2023-05-01T06:28:29Z;2023-07-31T22:55:08Z;1339200;28.728253945172s
Wiesbaden/Erbenheim;218;1500;2000;E;NA;2;4;50%;2023-05-01T06:28:29Z;2023-07-31T22:55:08Z;1339200;13.879429634924s
Wiesbaden/Erbenheim;218;1500;2000;N;H;143;297;48%;2023-05-01T06:28:29Z;2023-07-31T22:55:08Z;2678400;36.4728435596646s
Wiesbaden/Erbenheim;218;1500;2000;N;L;0;7;0%;2023-05-01T06:28:29Z;2023-07-31T22:55:08Z;2678400;-Infs (~-Inf years)
Wiesbaden/Erbenheim;218;1500;2000;N;M;59;1146;5%;2023-05-01T06:28:29Z;2023-07-31T22:55:08Z;2678400;27.4658807781308s
Wiesbaden/Erbenheim;218;1500;2000;N;NA;1;36;3%;2023-05-01T06:28:29Z;2023-07-31T22:55:08Z;2678400;8.17124563686834s
Wiesbaden/Erbenheim;218;1500;2500;D;H;504;1232;41%;2023-05-01T06:28:29Z;2023-07-31T22:55:08Z;4017600;38.3697903651107s
Wiesbaden/Erbenheim;218;1500;2500;D;L;8;20;40%;2023-05-01T06:28:29Z;2023-07-31T22:55:08Z;4017600;13.2580675083009s
Wiesbaden/Erbenheim;218;1500;2500;D;M;544;2333;23%;2023-05-01T06:28:29Z;2023-07-31T22:55:08Z;4017600;33.4232441821904s
Wiesbaden/Erbenheim;218;1500;2500;D;NA;12;54;22%;2023-05-01T06:28:29Z;2023-07-31T22:55:08Z;4017600;16.7872132981071s
Wiesbaden/Erbenheim;218;1500;2500;E;H;160;329;49%;2023-05-01T06:28:29Z;2023-07-31T22:55:08Z;1339200;37.6844814982565s
Wiesbaden/Erbenheim;218;1500;2500;E;L;2;8;25%;2023-05-01T06:28:29Z;2023-07-31T22:55:08Z;1339200;14.9410184217607s
Wiesbaden/Erbenheim;218;1500;2500;E;M;249;852;29%;2023-05-01T06:28:29Z;2023-07-31T22:55:08Z;1339200;34.6982584052779s
Wiesbaden/Erbenheim;218;1500;2500;E;NA;4;13;31%;2023-05-01T06:28:29Z;2023-07-31T22:55:08Z;1339200;18.7592917396652s
Wiesbaden/Erbenheim;218;1500;2500;N;H;145;1307;11%;2023-05-01T06:28:29Z;2023-07-31T22:55:08Z;2678400;36.47600660271s
Wiesbaden/Erbenheim;218;1500;2500;N;L;0;43;0%;2023-05-01T06:28:29Z;2023-07-31T22:55:08Z;2678400;-Infs (~-Inf years)
Wiesbaden/Erbenheim;218;1500;2500;N;M;147;5449;3%;2023-05-01T06:28:29Z;2023-07-31T22:55:08Z;2678400;31.6337905850151s
Wiesbaden/Erbenheim;218;1500;2500;N;NA;1;117;1%;2023-05-01T06:28:29Z;2023-07-31T22:55:08Z;2678400;8.17124563686834s
Wiesbaden/Erbenheim;218;1500;3000;D;H;513;1257;41%;2023-05-01T06:28:29Z;2023-07-31T22:55:08Z;4017600;38.4052434255935s
Wiesbaden/Erbenheim;218;1500;3000;D;L;8;20;40%;2023-05-01T06:28:29Z;2023-07-31T22:55:08Z;4017600;13.2580675083009s
Wiesbaden/Erbenheim;218;1500;3000;D;M;552;2379;23%;2023-05-01T06:28:29Z;2023-07-31T22:55:08Z;4017600;33.5566633141691s
Wiesbaden/Erbenheim;218;1500;3000;D;NA;12;58;21%;2023-05-01T06:28:29Z;2023-07-31T22:55:08Z;4017600;16.7872132981071s
Wiesbaden/Erbenheim;218;1500;3000;E;H;164;335;49%;2023-05-01T06:28:29Z;2023-07-31T22:55:08Z;1339200;37.7025918418645s
Wiesbaden/Erbenheim;218;1500;3000;E;L;2;8;25%;2023-05-01T06:28:29Z;2023-07-31T22:55:08Z;1339200;14.9410184217607s
Wiesbaden/Erbenheim;218;1500;3000;E;M;249;862;29%;2023-05-01T06:28:29Z;2023-07-31T22:55:08Z;1339200;34.6982584052779s
Wiesbaden/Erbenheim;218;1500;3000;E;NA;5;14;36%;2023-05-01T06:28:29Z;2023-07-31T22:55:08Z;1339200;19.419359306903s
Wiesbaden/Erbenheim;218;1500;3000;N;H;145;1338;11%;2023-05-01T06:28:29Z;2023-07-31T22:55:08Z;2678400;36.47600660271s
Wiesbaden/Erbenheim;218;1500;3000;N;L;0;43;0%;2023-05-01T06:28:29Z;2023-07-31T22:55:08Z;2678400;-Infs (~-Inf years)
Wiesbaden/Erbenheim;218;1500;3000;N;M;149;5564;3%;2023-05-01T06:28:29Z;2023-07-31T22:55:08Z;2678400;31.6827925113321s
Wiesbaden/Erbenheim;218;1500;3000;N;NA;1;124;1%;2023-05-01T06:28:29Z;2023-07-31T22:55:08Z;2678400;8.17124563686834s
Wiesbaden/Erbenheim;218;1500;3500;D;H;520;1279;41%;2023-05-01T06:28:29Z;2023-07-31T22:55:08Z;4017600;38.420270485296s
Wiesbaden/Erbenheim;218;1500;3500;D;L;8;20;40%;2023-05-01T06:28:29Z;2023-07-31T22:55:08Z;4017600;13.2580675083009s
Wiesbaden/Erbenheim;218;1500;3500;D;M;562;2427;23%;2023-05-01T06:28:29Z;2023-07-31T22:55:08Z;4017600;33.7485180363747s
Wiesbaden/Erbenheim;218;1500;3500;D;NA;12;59;20%;2023-05-01T06:28:29Z;2023-07-31T22:55:08Z;4017600;16.7872132981071s
Wiesbaden/Erbenheim;218;1500;3500;E;H;165;337;49%;2023-05-01T06:28:29Z;2023-07-31T22:55:08Z;1339200;37.7056085190851s
Wiesbaden/Erbenheim;218;1500;3500;E;L;2;8;25%;2023-05-01T06:28:29Z;2023-07-31T22:55:08Z;1339200;14.9410184217607s
Wiesbaden/Erbenheim;218;1500;3500;E;M;253;875;29%;2023-05-01T06:28:29Z;2023-07-31T22:55:08Z;1339200;34.7564426835881s
Wiesbaden/Erbenheim;218;1500;3500;E;NA;5;14;36%;2023-05-01T06:28:29Z;2023-07-31T22:55:08Z;1339200;19.419359306903s
Wiesbaden/Erbenheim;218;1500;3500;N;H;145;1365;11%;2023-05-01T06:28:29Z;2023-07-31T22:55:08Z;2678400;36.47600660271s
Wiesbaden/Erbenheim;218;1500;3500;N;L;0;46;0%;2023-05-01T06:28:29Z;2023-07-31T22:55:08Z;2678400;-Infs (~-Inf years)
Wiesbaden/Erbenheim;218;1500;3500;N;M;152;5709;3%;2023-05-01T06:28:29Z;2023-07-31T22:55:08Z;2678400;31.7007932243485s
Wiesbaden/Erbenheim;218;1500;3500;N;NA;1;127;1%;2023-05-01T06:28:29Z;2023-07-31T22:55:08Z;2678400;8.17124563686834s
Wiesbaden/Erbenheim;218;1500;4000;D;H;528;1300;41%;2023-05-01T06:28:29Z;2023-07-31T22:55:08Z;4017600;38.4519066811528s
Wiesbaden/Erbenheim;218;1500;4000;D;L;9;21;43%;2023-05-01T06:28:29Z;2023-07-31T22:55:08Z;4017600;13.4319625116387s
Wiesbaden/Erbenheim;218;1500;4000;D;M;576;2486;23%;2023-05-01T06:28:29Z;2023-07-31T22:55:08Z;4017600;33.9729277980063s
Wiesbaden/Erbenheim;218;1500;4000;D;NA;12;60;20%;2023-05-01T06:28:29Z;2023-07-31T22:55:08Z;4017600;16.7872132981071s
Wiesbaden/Erbenheim;218;1500;4000;E;H;166;340;49%;2023-05-01T06:28:29Z;2023-07-31T22:55:08Z;1339200;37.7171643213136s
Wiesbaden/Erbenheim;218;1500;4000;E;L;2;8;25%;2023-05-01T06:28:29Z;2023-07-31T22:55:08Z;1339200;14.9410184217607s
Wiesbaden/Erbenheim;218;1500;4000;E;M;262;905;29%;2023-05-01T06:28:29Z;2023-07-31T22:55:08Z;1339200;35.2190434696106s
Wiesbaden/Erbenheim;218;1500;4000;E;NA;5;14;36%;2023-05-01T06:28:29Z;2023-07-31T22:55:08Z;1339200;19.419359306903s
Wiesbaden/Erbenheim;218;1500;4000;N;H;146;1399;10%;2023-05-01T06:28:29Z;2023-07-31T22:55:08Z;2678400;36.4794432611461s
Wiesbaden/Erbenheim;218;1500;4000;N;L;0;48;0%;2023-05-01T06:28:29Z;2023-07-31T22:55:08Z;2678400;-Infs (~-Inf years)
Wiesbaden/Erbenheim;218;1500;4000;N;M;157;5846;3%;2023-05-01T06:28:29Z;2023-07-31T22:55:08Z;2678400;31.8750200963572s
Wiesbaden/Erbenheim;218;1500;4000;N;NA;1;133;1%;2023-05-01T06:28:29Z;2023-07-31T22:55:08Z;2678400;8.17124563686834s
Mainz/Universitätsmedizin;228;1500;500;D;H;0;4;0%;2023-05-01T05:02:14Z;2023-07-31T22:12:02Z;4017600;-Infs (~-Inf years)
Mainz/Universitätsmedizin;228;1500;500;D;L;1;1;100%;2023-05-01T05:02:14Z;2023-07-31T22:12:02Z;4017600;6.33033304631153s
Mainz/Universitätsmedizin;228;1500;500;D;M;0;7;0%;2023-05-01T05:02:14Z;2023-07-31T22:12:02Z;4017600;-Infs (~-Inf years)
Mainz/Universitätsmedizin;228;1500;500;D;NA;1;1;100%;2023-05-01T05:02:14Z;2023-07-31T22:12:02Z;4017600;13.5603330463115s
Mainz/Universitätsmedizin;228;1500;500;E;H;1;3;33%;2023-05-01T05:02:14Z;2023-07-31T22:12:02Z;1339200;16.2515455935082s
Mainz/Universitätsmedizin;228;1500;500;E;M;0;5;0%;2023-05-01T05:02:14Z;2023-07-31T22:12:02Z;1339200;-Infs (~-Inf years)
Mainz/Universitätsmedizin;228;1500;500;N;H;0;7;0%;2023-05-01T05:02:14Z;2023-07-31T22:12:02Z;2678400;-Infs (~-Inf years)
Mainz/Universitätsmedizin;228;1500;500;N;L;0;1;0%;2023-05-01T05:02:14Z;2023-07-31T22:12:02Z;2678400;-Infs (~-Inf years)
Mainz/Universitätsmedizin;228;1500;500;N;M;0;31;0%;2023-05-01T05:02:14Z;2023-07-31T22:12:02Z;2678400;-Infs (~-Inf years)
Mainz/Universitätsmedizin;228;1500;1000;D;H;0;6;0%;2023-05-01T05:02:14Z;2023-07-31T22:12:02Z;4017600;-Infs (~-Inf years)
Mainz/Universitätsmedizin;228;1500;1000;D;L;1;1;100%;2023-05-01T05:02:14Z;2023-07-31T22:12:02Z;4017600;6.33033304631153s
Mainz/Universitätsmedizin;228;1500;1000;D;M;4;32;12%;2023-05-01T05:02:14Z;2023-07-31T22:12:02Z;4017600;16.7872441282739s
Mainz/Universitätsmedizin;228;1500;1000;D;NA;1;1;100%;2023-05-01T05:02:14Z;2023-07-31T22:12:02Z;4017600;13.5603330463115s
Mainz/Universitätsmedizin;228;1500;1000;E;H;3;6;50%;2023-05-01T05:02:14Z;2023-07-31T22:12:02Z;1339200;20.4694111738295s
Mainz/Universitätsmedizin;228;1500;1000;E;M;0;12;0%;2023-05-01T05:02:14Z;2023-07-31T22:12:02Z;1339200;-Infs (~-Inf years)
Mainz/Universitätsmedizin;228;1500;1000;N;H;0;12;0%;2023-05-01T05:02:14Z;2023-07-31T22:12:02Z;2678400;-Infs (~-Inf years)
Mainz/Universitätsmedizin;228;1500;1000;N;L;0;3;0%;2023-05-01T05:02:14Z;2023-07-31T22:12:02Z;2678400;-Infs (~-Inf years)
Mainz/Universitätsmedizin;228;1500;1000;N;M;3;79;4%;2023-05-01T05:02:14Z;2023-07-31T22:12:02Z;2678400;13.8647248937288s
Mainz/Universitätsmedizin;228;1500;1000;N;NA;0;1;0%;2023-05-01T05:02:14Z;2023-07-31T22:12:02Z;2678400;-Infs (~-Inf years)
Mainz/Universitätsmedizin;228;1500;1500;D;H;368;623;59%;2023-05-01T05:02:14Z;2023-07-31T22:12:02Z;4017600;37.8632823745605s
Mainz/Universitätsmedizin;228;1500;1500;D;L;1;2;50%;2023-05-01T05:02:14Z;2023-07-31T22:12:02Z;4017600;6.33033304631153s
Mainz/Universitätsmedizin;228;1500;1500;D;M;383;2098;18%;2023-05-01T05:02:14Z;2023-07-31T22:12:02Z;4017600;35.207786873475s
Mainz/Universitätsmedizin;228;1500;1500;D;NA;10;21;48%;2023-05-01T05:02:14Z;2023-07-31T22:12:02Z;4017600;23.1775591262897s
Mainz/Universitätsmedizin;228;1500;1500;E;H;58;107;54%;2023-05-01T05:02:14Z;2023-07-31T22:12:02Z;1339200;34.3864390443143s
Mainz/Universitätsmedizin;228;1500;1500;E;M;99;838;12%;2023-05-01T05:02:14Z;2023-07-31T22:12:02Z;1339200;34.9371247851534s
Mainz/Universitätsmedizin;228;1500;1500;N;H;19;726;3%;2023-05-01T05:02:14Z;2023-07-31T22:12:02Z;2678400;26.0482525395068s
Mainz/Universitätsmedizin;228;1500;1500;N;L;0;6;0%;2023-05-01T05:02:14Z;2023-07-31T22:12:02Z;2678400;-Infs (~-Inf years)
Mainz/Universitätsmedizin;228;1500;1500;N;M;288;4055;7%;2023-05-01T05:02:14Z;2023-07-31T22:12:02Z;2678400;36.1624995154212s
Mainz/Universitätsmedizin;228;1500;1500;N;NA;1;19;5%;2023-05-01T05:02:14Z;2023-07-31T22:12:02Z;2678400;7.35124563686833s
Mainz/Universitätsmedizin;228;1500;2000;D;H;372;630;59%;2023-05-01T05:02:14Z;2023-07-31T22:12:02Z;4017600;37.8932577124479s
Mainz/Universitätsmedizin;228;1500;2000;D;L;1;2;50%;2023-05-01T05:02:14Z;2023-07-31T22:12:02Z;4017600;6.33033304631153s
Mainz/Universitätsmedizin;228;1500;2000;D;M;383;2113;18%;2023-05-01T05:02:14Z;2023-07-31T22:12:02Z;4017600;35.207786873475s
Mainz/Universitätsmedizin;228;1500;2000;D;NA;10;23;43%;2023-05-01T05:02:14Z;2023-07-31T22:12:02Z;4017600;23.1775591262897s
Mainz/Universitätsmedizin;228;1500;2000;E;H;58;109;53%;2023-05-01T05:02:14Z;2023-07-31T22:12:02Z;1339200;34.3864390443143s
Mainz/Universitätsmedizin;228;1500;2000;E;M;100;846;12%;2023-05-01T05:02:14Z;2023-07-31T22:12:02Z;1339200;34.9646574995112s
Mainz/Universitätsmedizin;228;1500;2000;N;H;20;738;3%;2023-05-01T05:02:14Z;2023-07-31T22:12:02Z;2678400;26.1835535399411s
Mainz/Universitätsmedizin;228;1500;2000;N;L;0;7;0%;2023-05-01T05:02:14Z;2023-07-31T22:12:02Z;2678400;-Infs (~-Inf years)
Mainz/Universitätsmedizin;228;1500;2000;N;M;288;4094;7%;2023-05-01T05:02:14Z;2023-07-31T22:12:02Z;2678400;36.1624995154212s
Mainz/Universitätsmedizin;228;1500;2000;N;NA;1;25;4%;2023-05-01T05:02:14Z;2023-07-31T22:12:02Z;2678400;7.35124563686833s
Mainz/Universitätsmedizin;228;1500;2500;D;H;375;650;58%;2023-05-01T05:02:14Z;2023-07-31T22:12:02Z;4017600;37.927227724741s
Mainz/Universitätsmedizin;228;1500;2500;D;L;1;2;50%;2023-05-01T05:02:14Z;2023-07-31T22:12:02Z;4017600;6.33033304631153s
Mainz/Universitätsmedizin;228;1500;2500;D;M;383;2133;18%;2023-05-01T05:02:14Z;2023-07-31T22:12:02Z;4017600;35.207786873475s
Mainz/Universitätsmedizin;228;1500;2500;D;NA;10;24;42%;2023-05-01T05:02:14Z;2023-07-31T22:12:02Z;4017600;23.1775591262897s
Mainz/Universitätsmedizin;228;1500;2500;E;H;58;114;51%;2023-05-01T05:02:14Z;2023-07-31T22:12:02Z;1339200;34.3864390443143s
Mainz/Universitätsmedizin;228;1500;2500;E;M;101;862;12%;2023-05-01T05:02:14Z;2023-07-31T22:12:02Z;1339200;35.244807310923s
Mainz/Universitätsmedizin;228;1500;2500;N;H;20;766;3%;2023-05-01T05:02:14Z;2023-07-31T22:12:02Z;2678400;26.1835535399411s
Mainz/Universitätsmedizin;228;1500;2500;N;L;0;7;0%;2023-05-01T05:02:14Z;2023-07-31T22:12:02Z;2678400;-Infs (~-Inf years)
Mainz/Universitätsmedizin;228;1500;2500;N;M;288;4179;7%;2023-05-01T05:02:14Z;2023-07-31T22:12:02Z;2678400;36.1624995154212s
Mainz/Universitätsmedizin;228;1500;2500;N;NA;1;26;4%;2023-05-01T05:02:14Z;2023-07-31T22:12:02Z;2678400;7.35124563686833s
Mainz/Universitätsmedizin;228;1500;3000;D;H;399;1478;27%;2023-05-01T05:02:14Z;2023-07-31T22:12:02Z;4017600;38.1719902925321s
Mainz/Universitätsmedizin;228;1500;3000;D;L;2;5;40%;2023-05-01T05:02:14Z;2023-07-31T22:12:02Z;4017600;9.60311498511992s
Mainz/Universitätsmedizin;228;1500;3000;D;M;399;2685;15%;2023-05-01T05:02:14Z;2023-07-31T22:12:02Z;4017600;35.7652420139083s
Mainz/Universitätsmedizin;228;1500;3000;D;NA;10;31;32%;2023-05-01T05:02:14Z;2023-07-31T22:12:02Z;4017600;23.1775591262897s
Mainz/Universitätsmedizin;228;1500;3000;E;H;74;424;17%;2023-05-01T05:02:14Z;2023-07-31T22:12:02Z;1339200;35.1642624301917s
Mainz/Universitätsmedizin;228;1500;3000;E;M;124;1208;10%;2023-05-01T05:02:14Z;2023-07-31T22:12:02Z;1339200;37.226793301433s
Mainz/Universitätsmedizin;228;1500;3000;E;NA;0;13;0%;2023-05-01T05:02:14Z;2023-07-31T22:12:02Z;1339200;-Infs (~-Inf years)
Mainz/Universitätsmedizin;228;1500;3000;N;H;25;2001;1%;2023-05-01T05:02:14Z;2023-07-31T22:12:02Z;2678400;26.5500529279411s
Mainz/Universitätsmedizin;228;1500;3000;N;L;0;13;0%;2023-05-01T05:02:14Z;2023-07-31T22:12:02Z;2678400;-Infs (~-Inf years)
Mainz/Universitätsmedizin;228;1500;3000;N;M;297;6237;5%;2023-05-01T05:02:14Z;2023-07-31T22:12:02Z;2678400;36.529781108931s
Mainz/Universitätsmedizin;228;1500;3000;N;NA;1;90;1%;2023-05-01T05:02:14Z;2023-07-31T22:12:02Z;2678400;7.35124563686833s
Mainz/Universitätsmedizin;228;1500;3500;D;H;501;2566;20%;2023-05-01T05:02:14Z;2023-07-31T22:12:02Z;4017600;38.9474886563763s
Mainz/Universitätsmedizin;228;1500;3500;D;L;6;34;18%;2023-05-01T05:02:14Z;2023-07-31T22:12:02Z;4017600;17.5787032715408s
Mainz/Universitätsmedizin;228;1500;3500;D;M;645;4784;13%;2023-05-01T05:02:14Z;2023-07-31T22:12:02Z;4017600;38.7094123512893s
Mainz/Universitätsmedizin;228;1500;3500;D;NA;15;78;19%;2023-05-01T05:02:14Z;2023-07-31T22:12:02Z;4017600;24.0411202097503s
Mainz/Universitätsmedizin;228;1500;3500;E;H;97;862;11%;2023-05-01T05:02:14Z;2023-07-31T22:12:02Z;1339200;36.8214350234868s
Mainz/Universitätsmedizin;228;1500;3500;E;L;1;20;5%;2023-05-01T05:02:14Z;2023-07-31T22:12:02Z;1339200;16.0315455935081s
Mainz/Universitätsmedizin;228;1500;3500;E;M;206;2352;9%;2023-05-01T05:02:14Z;2023-07-31T22:12:02Z;1339200;39.8296065730344s
Mainz/Universitätsmedizin;228;1500;3500;E;NA;1;27;4%;2023-05-01T05:02:14Z;2023-07-31T22:12:02Z;1339200;12.6415455935082s
Mainz/Universitätsmedizin;228;1500;3500;N;H;29;4635;1%;2023-05-01T05:02:14Z;2023-07-31T22:12:02Z;2678400;27.1652460987013s
Mainz/Universitätsmedizin;228;1500;3500;N;L;1;138;1%;2023-05-01T05:02:14Z;2023-07-31T22:12:02Z;2678400;7.99124563686834s
Mainz/Universitätsmedizin;228;1500;3500;N;M;405;14772;3%;2023-05-01T05:02:14Z;2023-07-31T22:12:02Z;2678400;38.5373208514218s
Mainz/Universitätsmedizin;228;1500;3500;N;NA;3;239;1%;2023-05-01T05:02:14Z;2023-07-31T22:12:02Z;2678400;20.3641776601207s
Mainz/Universitätsmedizin;228;1500;4000;D;H;507;2620;19%;2023-05-01T05:02:14Z;2023-07-31T22:12:02Z;4017600;38.9928270703922s
Mainz/Universitätsmedizin;228;1500;4000;D;L;6;35;17%;2023-05-01T05:02:14Z;2023-07-31T22:12:02Z;4017600;17.5787032715408s
Mainz/Universitätsmedizin;228;1500;4000;D;M;653;4916;13%;2023-05-01T05:02:14Z;2023-07-31T22:12:02Z;4017600;38.806392262748s
Mainz/Universitätsmedizin;228;1500;4000;D;NA;15;79;19%;2023-05-01T05:02:14Z;2023-07-31T22:12:02Z;4017600;24.0411202097503s
Mainz/Universitätsmedizin;228;1500;4000;E;H;97;873;11%;2023-05-01T05:02:14Z;2023-07-31T22:12:02Z;1339200;36.8214350234868s
Mainz/Universitätsmedizin;228;1500;4000;E;L;1;20;5%;2023-05-01T05:02:14Z;2023-07-31T22:12:02Z;1339200;16.0315455935081s
Mainz/Universitätsmedizin;228;1500;4000;E;M;207;2418;9%;2023-05-01T05:02:14Z;2023-07-31T22:12:02Z;1339200;39.8357536807273s
Mainz/Universitätsmedizin;228;1500;4000;E;NA;1;28;4%;2023-05-01T05:02:14Z;2023-07-31T22:12:02Z;1339200;12.6415455935082s
Mainz/Universitätsmedizin;228;1500;4000;N;H;29;4729;1%;2023-05-01T05:02:14Z;2023-07-31T22:12:02Z;2678400;27.1652460987013s
Mainz/Universitätsmedizin;228;1500;4000;N;L;1;142;1%;2023-05-01T05:02:14Z;2023-07-31T22:12:02Z;2678400;7.99124563686834s
Mainz/Universitätsmedizin;228;1500;4000;N;M;409;15386;3%;2023-05-01T05:02:14Z;2023-07-31T22:12:02Z;2678400;38.642963525345s
Mainz/Universitätsmedizin;228;1500;4000;N;NA;3;241;1%;2023-05-01T05:02:14Z;2023-07-31T22:12:02Z;2678400;20.3641776601207s
Frankfurt/Gallus;297;500;500;D;H;1;4;25%;2023-08-01T05:02:03Z;2023-10-31T20:48:55Z;3974400;7.43728425839533s
Frankfurt/Gallus;297;500;500;D;L;6;17;35%;2023-08-01T05:02:03Z;2023-10-31T20:48:55Z;3974400;16.9159918674102s
Frankfurt/Gallus;297;500;500;D;M;1358;1385;98%;2023-08-01T05:02:03Z;2023-10-31T20:48:55Z;3974400;46.9814327272788s
Frankfurt/Gallus;297;500;500;D;NA;6;6;100%;2023-08-01T05:02:03Z;2023-10-31T20:48:55Z;3974400;22.8934840364077s
Frankfurt/Gallus;297;500;500;E;L;2;8;25%;2023-08-01T05:02:03Z;2023-10-31T20:48:55Z;1324800;13.8230172468312s
Frankfurt/Gallus;297;500;500;E;M;612;621;99%;2023-08-01T05:02:03Z;2023-10-31T20:48:55Z;1324800;47.6032284824562s
Frankfurt/Gallus;297;500;500;E;NA;2;2;100%;2023-08-01T05:02:03Z;2023-10-31T20:48:55Z;1324800;23.2038687176185s
Frankfurt/Gallus;297;500;500;N;L;4;7;57%;2023-08-01T05:02:03Z;2023-10-31T20:48:55Z;2653200;13.2309226475998s
Frankfurt/Gallus;297;500;500;N;M;402;785;51%;2023-08-01T05:02:03Z;2023-10-31T20:48:55Z;2653200;42.9011196664953s
Frankfurt/Gallus;297;500;500;N;NA;0;2;0%;2023-08-01T05:02:03Z;2023-10-31T20:48:55Z;2653200;-Infs (~-Inf years)
Frankfurt/Gallus;297;500;1000;D;H;1;6;17%;2023-08-01T05:02:03Z;2023-10-31T20:48:55Z;3974400;7.43728425839533s
Frankfurt/Gallus;297;500;1000;D;L;6;17;35%;2023-08-01T05:02:03Z;2023-10-31T20:48:55Z;3974400;16.9159918674102s
Frankfurt/Gallus;297;500;1000;D;M;1365;1393;98%;2023-08-01T05:02:03Z;2023-10-31T20:48:55Z;3974400;46.9933823840609s
Frankfurt/Gallus;297;500;1000;D;NA;6;13;46%;2023-08-01T05:02:03Z;2023-10-31T20:48:55Z;3974400;22.8934840364077s
Frankfurt/Gallus;297;500;1000;E;L;2;9;22%;2023-08-01T05:02:03Z;2023-10-31T20:48:55Z;1324800;13.8230172468312s
Frankfurt/Gallus;297;500;1000;E;M;612;624;98%;2023-08-01T05:02:03Z;2023-10-31T20:48:55Z;1324800;47.6032284824562s
Frankfurt/Gallus;297;500;1000;E;NA;2;2;100%;2023-08-01T05:02:03Z;2023-10-31T20:48:55Z;1324800;23.2038687176185s
Frankfurt/Gallus;297;500;1000;N;H;0;3;0%;2023-08-01T05:02:03Z;2023-10-31T20:48:55Z;2653200;-Infs (~-Inf years)
Frankfurt/Gallus;297;500;1000;N;L;4;8;50%;2023-08-01T05:02:03Z;2023-10-31T20:48:55Z;2653200;13.2309226475998s
Frankfurt/Gallus;297;500;1000;N;M;402;795;51%;2023-08-01T05:02:03Z;2023-10-31T20:48:55Z;2653200;42.9011196664953s
Frankfurt/Gallus;297;500;1000;N;NA;0;5;0%;2023-08-01T05:02:03Z;2023-10-31T20:48:55Z;2653200;-Infs (~-Inf years)
Frankfurt/Gallus;297;500;1500;D;H;1;8;12%;2023-08-01T05:02:03Z;2023-10-31T20:48:55Z;3974400;7.43728425839533s
Frankfurt/Gallus;297;500;1500;D;L;6;17;35%;2023-08-01T05:02:03Z;2023-10-31T20:48:55Z;3974400;16.9159918674102s
Frankfurt/Gallus;297;500;1500;D;M;1365;1397;98%;2023-08-01T05:02:03Z;2023-10-31T20:48:55Z;3974400;46.9933823840609s
Frankfurt/Gallus;297;500;1500;D;NA;6;16;38%;2023-08-01T05:02:03Z;2023-10-31T20:48:55Z;3974400;22.8934840364077s
Frankfurt/Gallus;297;500;1500;E;L;2;9;22%;2023-08-01T05:02:03Z;2023-10-31T20:48:55Z;1324800;13.8230172468312s
Frankfurt/Gallus;297;500;1500;E;M;612;627;98%;2023-08-01T05:02:03Z;2023-10-31T20:48:55Z;1324800;47.6032284824562s
Frankfurt/Gallus;297;500;1500;E;NA;2;2;100%;2023-08-01T05:02:03Z;2023-10-31T20:48:55Z;1324800;23.2038687176185s
Frankfurt/Gallus;297;500;1500;N;H;0;6;0%;2023-08-01T05:02:03Z;2023-10-31T20:48:55Z;2653200;-Infs (~-Inf years)
Frankfurt/Gallus;297;500;1500;N;L;4;9;44%;2023-08-01T05:02:03Z;2023-10-31T20:48:55Z;2653200;13.2309226475998s
Frankfurt/Gallus;297;500;1500;N;M;402;805;50%;2023-08-01T05:02:03Z;2023-10-31T20:48:55Z;2653200;42.9011196664953s
Frankfurt/Gallus;297;500;1500;N;NA;0;5;0%;2023-08-01T05:02:03Z;2023-10-31T20:48:55Z;2653200;-Infs (~-Inf years)
Frankfurt/Gallus;297;500;2000;D;H;1;8;12%;2023-08-01T05:02:03Z;2023-10-31T20:48:55Z;3974400;7.43728425839533s
Frankfurt/Gallus;297;500;2000;D;L;6;17;35%;2023-08-01T05:02:03Z;2023-10-31T20:48:55Z;3974400;16.9159918674102s
Frankfurt/Gallus;297;500;2000;D;M;1366;1401;98%;2023-08-01T05:02:03Z;2023-10-31T20:48:55Z;3974400;46.9967864995199s
Frankfurt/Gallus;297;500;2000;D;NA;7;21;33%;2023-08-01T05:02:03Z;2023-10-31T20:48:55Z;3974400;23.9748544736307s
Frankfurt/Gallus;297;500;2000;E;H;0;1;0%;2023-08-01T05:02:03Z;2023-10-31T20:48:55Z;1324800;-Infs (~-Inf years)
Frankfurt/Gallus;297;500;2000;E;L;2;9;22%;2023-08-01T05:02:03Z;2023-10-31T20:48:55Z;1324800;13.8230172468312s
Frankfurt/Gallus;297;500;2000;E;M;612;630;97%;2023-08-01T05:02:03Z;2023-10-31T20:48:55Z;1324800;47.6032284824562s
Frankfurt/Gallus;297;500;2000;E;NA;2;3;67%;2023-08-01T05:02:03Z;2023-10-31T20:48:55Z;1324800;23.2038687176185s
Frankfurt/Gallus;297;500;2000;N;H;0;9;0%;2023-08-01T05:02:03Z;2023-10-31T20:48:55Z;2653200;-Infs (~-Inf years)
Frankfurt/Gallus;297;500;2000;N;L;4;10;40%;2023-08-01T05:02:03Z;2023-10-31T20:48:55Z;2653200;13.2309226475998s
Frankfurt/Gallus;297;500;2000;N;M;402;816;49%;2023-08-01T05:02:03Z;2023-10-31T20:48:55Z;2653200;42.9011196664953s
Frankfurt/Gallus;297;500;2000;N;NA;0;9;0%;2023-08-01T05:02:03Z;2023-10-31T20:48:55Z;2653200;-Infs (~-Inf years)
Frankfurt/Gallus;297;500;2500;D;H;2;11;18%;2023-08-01T05:02:03Z;2023-10-31T20:48:55Z;3974400;17.833033102505s
Frankfurt/Gallus;297;500;2500;D;L;6;17;35%;2023-08-01T05:02:03Z;2023-10-31T20:48:55Z;3974400;16.9159918674102s
Frankfurt/Gallus;297;500;2500;D;M;1366;1406;97%;2023-08-01T05:02:03Z;2023-10-31T20:48:55Z;3974400;46.9967864995199s
Frankfurt/Gallus;297;500;2500;D;NA;7;21;33%;2023-08-01T05:02:03Z;2023-10-31T20:48:55Z;3974400;23.9748544736307s
Frankfurt/Gallus;297;500;2500;E;H;0;1;0%;2023-08-01T05:02:03Z;2023-10-31T20:48:55Z;1324800;-Infs (~-Inf years)
Frankfurt/Gallus;297;500;2500;E;L;2;9;22%;2023-08-01T05:02:03Z;2023-10-31T20:48:55Z;1324800;13.8230172468312s
Frankfurt/Gallus;297;500;2500;E;M;612;638;96%;2023-08-01T05:02:03Z;2023-10-31T20:48:55Z;1324800;47.6032284824562s
Frankfurt/Gallus;297;500;2500;E;NA;2;4;50%;2023-08-01T05:02:03Z;2023-10-31T20:48:55Z;1324800;23.2038687176185s
Frankfurt/Gallus;297;500;2500;N;H;0;13;0%;2023-08-01T05:02:03Z;2023-10-31T20:48:55Z;2653200;-Infs (~-Inf years)
Frankfurt/Gallus;297;500;2500;N;L;4;11;36%;2023-08-01T05:02:03Z;2023-10-31T20:48:55Z;2653200;13.2309226475998s
Frankfurt/Gallus;297;500;2500;N;M;403;839;48%;2023-08-01T05:02:03Z;2023-10-31T20:48:55Z;2653200;42.902103344977s
Frankfurt/Gallus;297;500;2500;N;NA;0;11;0%;2023-08-01T05:02:03Z;2023-10-31T20:48:55Z;2653200;-Infs (~-Inf years)
Frankfurt/Gallus;297;500;3000;D;H;2;14;14%;2023-08-01T05:02:03Z;2023-10-31T20:48:55Z;3974400;17.833033102505s
Frankfurt/Gallus;297;500;3000;D;L;6;17;35%;2023-08-01T05:02:03Z;2023-10-31T20:48:55Z;3974400;16.9159918674102s
Frankfurt/Gallus;297;500;3000;D;M;1367;1416;97%;2023-08-01T05:02:03Z;2023-10-31T20:48:55Z;3974400;47.0169157329758s
Frankfurt/Gallus;297;500;3000;D;NA;7;21;33%;2023-08-01T05:02:03Z;2023-10-31T20:48:55Z;3974400;23.9748544736307s
Frankfurt/Gallus;297;500;3000;E;H;0;2;0%;2023-08-01T05:02:03Z;2023-10-31T20:48:55Z;1324800;-Infs (~-Inf years)
Frankfurt/Gallus;297;500;3000;E;L;2;9;22%;2023-08-01T05:02:03Z;2023-10-31T20:48:55Z;1324800;13.8230172468312s
Frankfurt/Gallus;297;500;3000;E;M;613;644;95%;2023-08-01T05:02:03Z;2023-10-31T20:48:55Z;1324800;47.6098655959743s
Frankfurt/Gallus;297;500;3000;E;NA;2;4;50%;2023-08-01T05:02:03Z;2023-10-31T20:48:55Z;1324800;23.2038687176185s
Frankfurt/Gallus;297;500;3000;N;H;0;17;0%;2023-08-01T05:02:03Z;2023-10-31T20:48:55Z;2653200;-Infs (~-Inf years)
Frankfurt/Gallus;297;500;3000;N;L;4;11;36%;2023-08-01T05:02:03Z;2023-10-31T20:48:55Z;2653200;13.2309226475998s
Frankfurt/Gallus;297;500;3000;N;M;405;872;46%;2023-08-01T05:02:03Z;2023-10-31T20:48:55Z;2653200;42.9091049640059s
Frankfurt/Gallus;297;500;3000;N;NA;0;12;0%;2023-08-01T05:02:03Z;2023-10-31T20:48:55Z;2653200;-Infs (~-Inf years)
Frankfurt/Gallus;297;500;3500;D;H;2;14;14%;2023-08-01T05:02:03Z;2023-10-31T20:48:55Z;3974400;17.833033102505s
Frankfurt/Gallus;297;500;3500;D;L;6;17;35%;2023-08-01T05:02:03Z;2023-10-31T20:48:55Z;3974400;16.9159918674102s
Frankfurt/Gallus;297;500;3500;D;M;1367;1424;96%;2023-08-01T05:02:03Z;2023-10-31T20:48:55Z;3974400;47.0169157329758s
Frankfurt/Gallus;297;500;3500;D;NA;7;21;33%;2023-08-01T05:02:03Z;2023-10-31T20:48:55Z;3974400;23.9748544736307s
Frankfurt/Gallus;297;500;3500;E;H;0;2;0%;2023-08-01T05:02:03Z;2023-10-31T20:48:55Z;1324800;-Infs (~-Inf years)
Frankfurt/Gallus;297;500;3500;E;L;2;9;22%;2023-08-01T05:02:03Z;2023-10-31T20:48:55Z;1324800;13.8230172468312s
Frankfurt/Gallus;297;500;3500;E;M;613;654;94%;2023-08-01T05:02:03Z;2023-10-31T20:48:55Z;1324800;47.6098655959743s
Frankfurt/Gallus;297;500;3500;E;NA;2;4;50%;2023-08-01T05:02:03Z;2023-10-31T20:48:55Z;1324800;23.2038687176185s
Frankfurt/Gallus;297;500;3500;N;H;0;26;0%;2023-08-01T05:02:03Z;2023-10-31T20:48:55Z;2653200;-Infs (~-Inf years)
Frankfurt/Gallus;297;500;3500;N;L;4;12;33%;2023-08-01T05:02:03Z;2023-10-31T20:48:55Z;2653200;13.2309226475998s
Frankfurt/Gallus;297;500;3500;N;M;405;909;45%;2023-08-01T05:02:03Z;2023-10-31T20:48:55Z;2653200;42.9091049640059s
Frankfurt/Gallus;297;500;3500;N;NA;0;12;0%;2023-08-01T05:02:03Z;2023-10-31T20:48:55Z;2653200;-Infs (~-Inf years)
Frankfurt/Gallus;297;500;4000;D;H;14;689;2%;2023-08-01T05:02:03Z;2023-10-31T20:48:55Z;3974400;24.401368294488s
Frankfurt/Gallus;297;500;4000;D;L;7;18;39%;2023-08-01T05:02:03Z;2023-10-31T20:48:55Z;3974400;23.2477243725303s
Frankfurt/Gallus;297;500;4000;D;M;1405;3292;43%;2023-08-01T05:02:03Z;2023-10-31T20:48:55Z;3974400;47.0628769326473s
Frankfurt/Gallus;297;500;4000;D;NA;7;32;22%;2023-08-01T05:02:03Z;2023-10-31T20:48:55Z;3974400;23.9748544736307s
Frankfurt/Gallus;297;500;4000;E;H;3;220;1%;2023-08-01T05:02:03Z;2023-10-31T20:48:55Z;1324800;27.8049500376274s
Frankfurt/Gallus;297;500;4000;E;L;2;9;22%;2023-08-01T05:02:03Z;2023-10-31T20:48:55Z;1324800;13.8230172468312s
Frankfurt/Gallus;297;500;4000;E;M;619;1747;35%;2023-08-01T05:02:03Z;2023-10-31T20:48:55Z;1324800;47.6393337951306s
Frankfurt/Gallus;297;500;4000;E;NA;2;6;33%;2023-08-01T05:02:03Z;2023-10-31T20:48:55Z;1324800;23.2038687176185s
Frankfurt/Gallus;297;500;4000;N;H;2;2171;0%;2023-08-01T05:02:03Z;2023-10-31T20:48:55Z;2653200;10.3648741594166s
Frankfurt/Gallus;297;500;4000;N;L;4;16;25%;2023-08-01T05:02:03Z;2023-10-31T20:48:55Z;2653200;13.2309226475998s
Frankfurt/Gallus;297;500;4000;N;M;417;8655;5%;2023-08-01T05:02:03Z;2023-10-31T20:48:55Z;2653200;43.0423397327364s
Frankfurt/Gallus;297;500;4000;N;NA;0;40;0%;2023-08-01T05:02:03Z;2023-10-31T20:48:55Z;2653200;-Infs (~-Inf years)
