StatNam;StatNr;praef;Fangradius;DEN;Gewichtsklasse;n1;n2;Erfassungsquote;Anfang;Ende;Dauer;Leq
Hanau/Steinheim 1;72;2500;500;D;Alle Gewichtsklassen;9350;12275;76%;2023-05-01 09:01:10;2023-07-31 22:49:55;3974400;49.8618268887005s
Hanau/Steinheim 1;72;2500;500;D;heavy;2793;3193;87%;2023-05-01 09:01:10;2023-07-31 22:49:55;3974400;47.5447197761247s
Hanau/Steinheim 1;72;2500;500;D;nicht heavy;6557;9082;72%;2023-05-01 09:01:10;2023-07-31 22:49:55;3974400;46.0262802878624s
Hanau/Steinheim 1;72;2500;500;E;Alle Gewichtsklassen;3628;4445;82%;2023-05-01 09:01:10;2023-07-31 22:49:55;1324800;48.6648380230774s
Hanau/Steinheim 1;72;2500;500;E;heavy;456;509;90%;2023-05-01 09:01:10;2023-07-31 22:49:55;1324800;43.3972404201414s
Hanau/Steinheim 1;72;2500;500;E;nicht heavy;3172;3936;81%;2023-05-01 09:01:10;2023-07-31 22:49:55;1324800;47.1323457588331s
Hanau/Steinheim 1;72;2500;500;N;Alle Gewichtsklassen;622;743;84%;2023-05-01 09:01:10;2023-07-31 22:49:55;2649600;38.6365054588318s
Hanau/Steinheim 1;72;2500;500;N;heavy;147;175;84%;2023-05-01 09:01:10;2023-07-31 22:49:55;2649600;35.346704599396s
Hanau/Steinheim 1;72;2500;500;N;nicht heavy;475;568;84%;2023-05-01 09:01:10;2023-07-31 22:49:55;2649600;35.8888009477443s
Hanau/Steinheim 1;72;2500;1000;D;Alle Gewichtsklassen;9782;12993;75%;2023-05-01 09:01:10;2023-07-31 22:49:55;3974400;50.0110851924358s
Hanau/Steinheim 1;72;2500;1000;D;heavy;2943;3388;87%;2023-05-01 09:01:10;2023-07-31 22:49:55;3974400;47.705114256218s
Hanau/Steinheim 1;72;2500;1000;D;nicht heavy;6839;9605;71%;2023-05-01 09:01:10;2023-07-31 22:49:55;3974400;46.1596922485713s
Hanau/Steinheim 1;72;2500;1000;E;Alle Gewichtsklassen;3810;4688;81%;2023-05-01 09:01:10;2023-07-31 22:49:55;1324800;48.8116972201603s
Hanau/Steinheim 1;72;2500;1000;E;heavy;473;529;89%;2023-05-01 09:01:10;2023-07-31 22:49:55;1324800;43.4670993732794s
Hanau/Steinheim 1;72;2500;1000;E;nicht heavy;3337;4159;80%;2023-05-01 09:01:10;2023-07-31 22:49:55;1324800;47.3113806161391s
Hanau/Steinheim 1;72;2500;1000;N;Alle Gewichtsklassen;939;1280;73%;2023-05-01 09:01:10;2023-07-31 22:49:55;2649600;41.073000262026s
Hanau/Steinheim 1;72;2500;1000;N;heavy;367;531;69%;2023-05-01 09:01:10;2023-07-31 22:49:55;2649600;39.0939986963326s
Hanau/Steinheim 1;72;2500;1000;N;nicht heavy;572;749;76%;2023-05-01 09:01:10;2023-07-31 22:49:55;2649600;36.7076277427051s
Hanau/Steinheim 1;72;2500;1500;D;Alle Gewichtsklassen;9941;13311;75%;2023-05-01 09:01:10;2023-07-31 22:49:55;3974400;50.0480685243176s
Hanau/Steinheim 1;72;2500;1500;D;heavy;3014;3480;87%;2023-05-01 09:01:10;2023-07-31 22:49:55;3974400;47.7496370382778s
Hanau/Steinheim 1;72;2500;1500;D;nicht heavy;6927;9831;70%;2023-05-01 09:01:10;2023-07-31 22:49:55;3974400;46.1858911301266s
Hanau/Steinheim 1;72;2500;1500;E;Alle Gewichtsklassen;3894;4876;80%;2023-05-01 09:01:10;2023-07-31 22:49:55;1324800;48.8573268317188s
Hanau/Steinheim 1;72;2500;1500;E;heavy;478;536;89%;2023-05-01 09:01:10;2023-07-31 22:49:55;1324800;43.4933147653453s
Hanau/Steinheim 1;72;2500;1500;E;nicht heavy;3416;4340;79%;2023-05-01 09:01:10;2023-07-31 22:49:55;1324800;47.3649960953254s
Hanau/Steinheim 1;72;2500;1500;N;Alle Gewichtsklassen;957;1323;72%;2023-05-01 09:01:10;2023-07-31 22:49:55;2649600;41.1305251499163s
Hanau/Steinheim 1;72;2500;1500;N;heavy;371;538;69%;2023-05-01 09:01:10;2023-07-31 22:49:55;2649600;39.1439196881435s
Hanau/Steinheim 1;72;2500;1500;N;nicht heavy;586;785;75%;2023-05-01 09:01:10;2023-07-31 22:49:55;2649600;36.7782938571277s
Hanau/Steinheim 1;72;2500;2000;D;Alle Gewichtsklassen;10110;13823;73%;2023-05-01 09:01:10;2023-07-31 22:49:55;3974400;50.1312174580682s
Hanau/Steinheim 1;72;2500;2000;D;heavy;3065;3590;85%;2023-05-01 09:01:10;2023-07-31 22:49:55;3974400;47.7903733605483s
Hanau/Steinheim 1;72;2500;2000;D;nicht heavy;7045;10233;69%;2023-05-01 09:01:10;2023-07-31 22:49:55;3974400;46.3291218929569s
Hanau/Steinheim 1;72;2500;2000;E;Alle Gewichtsklassen;3974;5141;77%;2023-05-01 09:01:10;2023-07-31 22:49:55;1324800;48.9204354783415s
Hanau/Steinheim 1;72;2500;2000;E;heavy;488;560;87%;2023-05-01 09:01:10;2023-07-31 22:49:55;1324800;43.5208622926046s
Hanau/Steinheim 1;72;2500;2000;E;nicht heavy;3486;4581;76%;2023-05-01 09:01:10;2023-07-31 22:49:55;1324800;47.4426026503017s
Hanau/Steinheim 1;72;2500;2000;N;Alle Gewichtsklassen;972;1363;71%;2023-05-01 09:01:10;2023-07-31 22:49:55;2649600;41.1669737010039s
Hanau/Steinheim 1;72;2500;2000;N;heavy;378;551;69%;2023-05-01 09:01:10;2023-07-31 22:49:55;2649600;39.1816962436459s
Hanau/Steinheim 1;72;2500;2000;N;nicht heavy;594;812;73%;2023-05-01 09:01:10;2023-07-31 22:49:55;2649600;36.8124518410701s
Hanau/Steinheim 1;72;2500;2500;D;Alle Gewichtsklassen;13465;20659;65%;2023-05-01 09:01:10;2023-07-31 22:49:55;3974400;51.5266612688764s
Hanau/Steinheim 1;72;2500;2500;D;heavy;3851;5250;73%;2023-05-01 09:01:10;2023-07-31 22:49:55;3974400;48.4292955574689s
Hanau/Steinheim 1;72;2500;2500;D;nicht heavy;9614;15409;62%;2023-05-01 09:01:10;2023-07-31 22:49:55;3974400;48.6017158544608s
Hanau/Steinheim 1;72;2500;2500;E;Alle Gewichtsklassen;5002;7117;70%;2023-05-01 09:01:10;2023-07-31 22:49:55;1324800;49.9633246217843s
Hanau/Steinheim 1;72;2500;2500;E;heavy;552;707;78%;2023-05-01 09:01:10;2023-07-31 22:49:55;1324800;43.7774946121297s
Hanau/Steinheim 1;72;2500;2500;E;nicht heavy;4450;6410;69%;2023-05-01 09:01:10;2023-07-31 22:49:55;1324800;48.7676459244922s
Hanau/Steinheim 1;72;2500;2500;N;Alle Gewichtsklassen;1001;1604;62%;2023-05-01 09:01:10;2023-07-31 22:49:55;2649600;41.2946123336769s
Hanau/Steinheim 1;72;2500;2500;N;heavy;396;655;60%;2023-05-01 09:01:10;2023-07-31 22:49:55;2649600;39.268877923698s
Hanau/Steinheim 1;72;2500;2500;N;nicht heavy;605;949;64%;2023-05-01 09:01:10;2023-07-31 22:49:55;2649600;37.0090262990401s
Hanau/Steinheim 1;72;2500;3000;D;Alle Gewichtsklassen;13490;20833;65%;2023-05-01 09:01:10;2023-07-31 22:49:55;3974400;51.5322259348395s
Hanau/Steinheim 1;72;2500;3000;D;heavy;3861;5306;73%;2023-05-01 09:01:10;2023-07-31 22:49:55;3974400;48.4329229324777s
Hanau/Steinheim 1;72;2500;3000;D;nicht heavy;9629;15527;62%;2023-05-01 09:01:10;2023-07-31 22:49:55;3974400;48.6091415912582s
Hanau/Steinheim 1;72;2500;3000;E;Alle Gewichtsklassen;5011;7196;70%;2023-05-01 09:01:10;2023-07-31 22:49:55;1324800;49.9705764969729s
Hanau/Steinheim 1;72;2500;3000;E;heavy;553;712;78%;2023-05-01 09:01:10;2023-07-31 22:49:55;1324800;43.7808343896029s
Hanau/Steinheim 1;72;2500;3000;E;nicht heavy;4458;6484;69%;2023-05-01 09:01:10;2023-07-31 22:49:55;1324800;48.7761369871459s
Hanau/Steinheim 1;72;2500;3000;N;Alle Gewichtsklassen;1004;1624;62%;2023-05-01 09:01:10;2023-07-31 22:49:55;2649600;41.3014505425276s
Hanau/Steinheim 1;72;2500;3000;N;heavy;398;660;60%;2023-05-01 09:01:10;2023-07-31 22:49:55;2649600;39.2788052861875s
Hanau/Steinheim 1;72;2500;3000;N;nicht heavy;606;964;63%;2023-05-01 09:01:10;2023-07-31 22:49:55;2649600;37.0106616824756s
Hanau/Steinheim 1;72;2500;3500;D;Alle Gewichtsklassen;13497;20904;65%;2023-05-01 09:01:10;2023-07-31 22:49:55;3974400;51.5331783975254s
Hanau/Steinheim 1;72;2500;3500;D;heavy;3863;5321;73%;2023-05-01 09:01:10;2023-07-31 22:49:55;3974400;48.4336993529815s
Hanau/Steinheim 1;72;2500;3500;D;nicht heavy;9634;15583;62%;2023-05-01 09:01:10;2023-07-31 22:49:55;3974400;48.6102630893278s
Hanau/Steinheim 1;72;2500;3500;E;Alle Gewichtsklassen;5020;7246;69%;2023-05-01 09:01:10;2023-07-31 22:49:55;1324800;49.9803525415178s
Hanau/Steinheim 1;72;2500;3500;E;heavy;554;718;77%;2023-05-01 09:01:10;2023-07-31 22:49:55;1324800;43.7821420204881s
Hanau/Steinheim 1;72;2500;3500;E;nicht heavy;4466;6528;68%;2023-05-01 09:01:10;2023-07-31 22:49:55;1324800;48.7885904398041s
Hanau/Steinheim 1;72;2500;3500;N;Alle Gewichtsklassen;1004;1632;62%;2023-05-01 09:01:10;2023-07-31 22:49:55;2649600;41.3014505425276s
Hanau/Steinheim 1;72;2500;3500;N;heavy;398;663;60%;2023-05-01 09:01:10;2023-07-31 22:49:55;2649600;39.2788052861875s
Hanau/Steinheim 1;72;2500;3500;N;nicht heavy;606;969;63%;2023-05-01 09:01:10;2023-07-31 22:49:55;2649600;37.0106616824756s
Hanau/Steinheim 1;72;2500;4000;D;Alle Gewichtsklassen;13503;20960;64%;2023-05-01 09:01:10;2023-07-31 22:49:55;3974400;51.5339818387189s
Hanau/Steinheim 1;72;2500;4000;D;heavy;3866;5335;72%;2023-05-01 09:01:10;2023-07-31 22:49:55;3974400;48.4345729949617s
Hanau/Steinheim 1;72;2500;4000;D;nicht heavy;9637;15625;62%;2023-05-01 09:01:10;2023-07-31 22:49:55;3974400;48.6109991254634s
Hanau/Steinheim 1;72;2500;4000;E;Alle Gewichtsklassen;5022;7265;69%;2023-05-01 09:01:10;2023-07-31 22:49:55;1324800;49.9846381546653s
Hanau/Steinheim 1;72;2500;4000;E;heavy;554;721;77%;2023-05-01 09:01:10;2023-07-31 22:49:55;1324800;43.7821420204881s
Hanau/Steinheim 1;72;2500;4000;E;nicht heavy;4468;6544;68%;2023-05-01 09:01:10;2023-07-31 22:49:55;1324800;48.7942283940352s
Hanau/Steinheim 1;72;2500;4000;N;Alle Gewichtsklassen;1005;1638;61%;2023-05-01 09:01:10;2023-07-31 22:49:55;2649600;41.3040110786611s
Hanau/Steinheim 1;72;2500;4000;N;heavy;398;663;60%;2023-05-01 09:01:10;2023-07-31 22:49:55;2649600;39.2788052861875s
Hanau/Steinheim 1;72;2500;4000;N;nicht heavy;607;975;62%;2023-05-01 09:01:10;2023-07-31 22:49:55;2649600;37.0175354382074s
Rodgau;205;1000;500;D;Alle Gewichtsklassen;17;77;22%;2023-05-01 07:00:44;2023-07-31 23:22:56;3974400;22.8079647979957s
Rodgau;205;1000;500;D;heavy;5;8;62%;2023-05-01 07:00:44;2023-07-31 23:22:56;3974400;19.8502664359969s
Rodgau;205;1000;500;D;nicht heavy;12;69;17%;2023-05-01 07:00:44;2023-07-31 23:22:56;3974400;19.744418318728s
Rodgau;205;1000;500;E;Alle Gewichtsklassen;17;31;55%;2023-05-01 07:00:44;2023-07-31 23:22:56;1324800;25.1079414751036s
Rodgau;205;1000;500;E;heavy;1;3;33%;2023-05-01 07:00:44;2023-07-31 23:22:56;1324800;12.9184968055919s
Rodgau;205;1000;500;E;nicht heavy;16;28;57%;2023-05-01 07:00:44;2023-07-31 23:22:56;1324800;24.8373596028917s
Rodgau;205;1000;500;N;Alle Gewichtsklassen;97;118;82%;2023-05-01 07:00:44;2023-07-31 23:22:56;2649600;31.5479261040365s
Rodgau;205;1000;500;N;heavy;3;4;75%;2023-05-01 07:00:44;2023-07-31 23:22:56;2649600;17.0746884167757s
Rodgau;205;1000;500;N;nicht heavy;94;114;82%;2023-05-01 07:00:44;2023-07-31 23:22:56;2649600;31.3900448042754s
Rodgau;205;1000;1000;D;Alle Gewichtsklassen;689;1720;40%;2023-05-01 07:00:44;2023-07-31 23:22:56;3974400;38.5684792705013s
Rodgau;205;1000;1000;D;heavy;356;530;67%;2023-05-01 07:00:44;2023-07-31 23:22:56;3974400;37.4363687661252s
Rodgau;205;1000;1000;D;nicht heavy;333;1190;28%;2023-05-01 07:00:44;2023-07-31 23:22:56;3974400;32.1757586663038s
Rodgau;205;1000;1000;E;Alle Gewichtsklassen;206;685;30%;2023-05-01 07:00:44;2023-07-31 23:22:56;1324800;38.8700981442771s
Rodgau;205;1000;1000;E;heavy;123;309;40%;2023-05-01 07:00:44;2023-07-31 23:22:56;1324800;37.8480423691219s
Rodgau;205;1000;1000;E;nicht heavy;83;376;22%;2023-05-01 07:00:44;2023-07-31 23:22:56;1324800;32.085990470449s
Rodgau;205;1000;1000;N;Alle Gewichtsklassen;164;465;35%;2023-05-01 07:00:44;2023-07-31 23:22:56;2649600;34.4181290673116s
Rodgau;205;1000;1000;N;heavy;42;92;46%;2023-05-01 07:00:44;2023-07-31 23:22:56;2649600;30.5811140678005s
Rodgau;205;1000;1000;N;nicht heavy;122;373;33%;2023-05-01 07:00:44;2023-07-31 23:22:56;2649600;32.1020567987059s
Rodgau;205;1000;1500;D;Alle Gewichtsklassen;765;2172;35%;2023-05-01 07:00:44;2023-07-31 23:22:56;3974400;38.7660583563048s
Rodgau;205;1000;1500;D;heavy;364;554;66%;2023-05-01 07:00:44;2023-07-31 23:22:56;3974400;37.5291132159433s
Rodgau;205;1000;1500;D;nicht heavy;401;1618;25%;2023-05-01 07:00:44;2023-07-31 23:22:56;3974400;32.7079164488561s
Rodgau;205;1000;1500;E;Alle Gewichtsklassen;217;792;27%;2023-05-01 07:00:44;2023-07-31 23:22:56;1324800;38.9618915388091s
Rodgau;205;1000;1500;E;heavy;124;320;39%;2023-05-01 07:00:44;2023-07-31 23:22:56;1324800;37.8770411013363s
Rodgau;205;1000;1500;E;nicht heavy;93;472;20%;2023-05-01 07:00:44;2023-07-31 23:22:56;1324800;32.4066073322952s
Rodgau;205;1000;1500;N;Alle Gewichtsklassen;179;578;31%;2023-05-01 07:00:44;2023-07-31 23:22:56;2649600;34.5230250282492s
Rodgau;205;1000;1500;N;heavy;45;99;45%;2023-05-01 07:00:44;2023-07-31 23:22:56;2649600;30.6800022464155s
Rodgau;205;1000;1500;N;nicht heavy;134;479;28%;2023-05-01 07:00:44;2023-07-31 23:22:56;2649600;32.2111804985341s
Rodgau;205;1000;2000;D;Alle Gewichtsklassen;774;2454;32%;2023-05-01 07:00:44;2023-07-31 23:22:56;3974400;38.8241900773724s
Rodgau;205;1000;2000;D;heavy;364;561;65%;2023-05-01 07:00:44;2023-07-31 23:22:56;3974400;37.5291132159433s
Rodgau;205;1000;2000;D;nicht heavy;410;1893;22%;2023-05-01 07:00:44;2023-07-31 23:22:56;3974400;32.9378435301654s
Rodgau;205;1000;2000;E;Alle Gewichtsklassen;218;839;26%;2023-05-01 07:00:44;2023-07-31 23:22:56;1324800;38.9647643110224s
Rodgau;205;1000;2000;E;heavy;124;323;38%;2023-05-01 07:00:44;2023-07-31 23:22:56;1324800;37.8770411013363s
Rodgau;205;1000;2000;E;nicht heavy;94;516;18%;2023-05-01 07:00:44;2023-07-31 23:22:56;1324800;32.4195888067548s
Rodgau;205;1000;2000;N;Alle Gewichtsklassen;184;655;28%;2023-05-01 07:00:44;2023-07-31 23:22:56;2649600;34.5383056121462s
Rodgau;205;1000;2000;N;heavy;45;101;45%;2023-05-01 07:00:44;2023-07-31 23:22:56;2649600;30.6800022464155s
Rodgau;205;1000;2000;N;nicht heavy;139;554;25%;2023-05-01 07:00:44;2023-07-31 23:22:56;2649600;32.2371694381991s
Rodgau;205;1000;2500;D;Alle Gewichtsklassen;778;2566;30%;2023-05-01 07:00:44;2023-07-31 23:22:56;3974400;38.8297840668144s
Rodgau;205;1000;2500;D;heavy;365;565;65%;2023-05-01 07:00:44;2023-07-31 23:22:56;3974400;37.5310341186428s
Rodgau;205;1000;2500;D;nicht heavy;413;2001;21%;2023-05-01 07:00:44;2023-07-31 23:22:56;3974400;32.9539922384491s
Rodgau;205;1000;2500;E;Alle Gewichtsklassen;220;860;26%;2023-05-01 07:00:44;2023-07-31 23:22:56;1324800;39.0025594812602s
Rodgau;205;1000;2500;E;heavy;125;326;38%;2023-05-01 07:00:44;2023-07-31 23:22:56;1324800;37.8870740395621s
Rodgau;205;1000;2500;E;nicht heavy;95;534;18%;2023-05-01 07:00:44;2023-07-31 23:22:56;1324800;32.5535441764022s
Rodgau;205;1000;2500;N;Alle Gewichtsklassen;184;668;28%;2023-05-01 07:00:44;2023-07-31 23:22:56;2649600;34.5383056121462s
Rodgau;205;1000;2500;N;heavy;45;103;44%;2023-05-01 07:00:44;2023-07-31 23:22:56;2649600;30.6800022464155s
Rodgau;205;1000;2500;N;nicht heavy;139;565;25%;2023-05-01 07:00:44;2023-07-31 23:22:56;2649600;32.2371694381991s
Rodgau;205;1000;3000;D;Alle Gewichtsklassen;781;2706;29%;2023-05-01 07:00:44;2023-07-31 23:22:56;3974400;38.833527148405s
Rodgau;205;1000;3000;D;heavy;366;600;61%;2023-05-01 07:00:44;2023-07-31 23:22:56;3974400;37.5329764002948s
Rodgau;205;1000;3000;D;nicht heavy;415;2106;20%;2023-05-01 07:00:44;2023-07-31 23:22:56;3974400;32.9628973615277s
Rodgau;205;1000;3000;E;Alle Gewichtsklassen;220;909;24%;2023-05-01 07:00:44;2023-07-31 23:22:56;1324800;39.0025594812602s
Rodgau;205;1000;3000;E;heavy;125;329;38%;2023-05-01 07:00:44;2023-07-31 23:22:56;1324800;37.8870740395621s
Rodgau;205;1000;3000;E;nicht heavy;95;580;16%;2023-05-01 07:00:44;2023-07-31 23:22:56;1324800;32.5535441764022s
Rodgau;205;1000;3000;N;Alle Gewichtsklassen;185;680;27%;2023-05-01 07:00:44;2023-07-31 23:22:56;2649600;34.5410893878415s
Rodgau;205;1000;3000;N;heavy;46;107;43%;2023-05-01 07:00:44;2023-07-31 23:22:56;2649600;30.686767210254s
Rodgau;205;1000;3000;N;nicht heavy;139;573;24%;2023-05-01 07:00:44;2023-07-31 23:22:56;2649600;32.2371694381991s
Rodgau;205;1000;3500;D;Alle Gewichtsklassen;783;2759;28%;2023-05-01 07:00:44;2023-07-31 23:22:56;3974400;38.8707923558375s
Rodgau;205;1000;3500;D;heavy;367;610;60%;2023-05-01 07:00:44;2023-07-31 23:22:56;3974400;37.5724439554801s
Rodgau;205;1000;3500;D;nicht heavy;416;2149;19%;2023-05-01 07:00:44;2023-07-31 23:22:56;3974400;32.9938483506374s
Rodgau;205;1000;3500;E;Alle Gewichtsklassen;221;926;24%;2023-05-01 07:00:44;2023-07-31 23:22:56;1324800;39.0053279499293s
Rodgau;205;1000;3500;E;heavy;125;333;38%;2023-05-01 07:00:44;2023-07-31 23:22:56;1324800;37.8870740395621s
Rodgau;205;1000;3500;E;nicht heavy;96;593;16%;2023-05-01 07:00:44;2023-07-31 23:22:56;1324800;32.5657528644467s
Rodgau;205;1000;3500;N;Alle Gewichtsklassen;185;688;27%;2023-05-01 07:00:44;2023-07-31 23:22:56;2649600;34.5410893878415s
Rodgau;205;1000;3500;N;heavy;46;109;42%;2023-05-01 07:00:44;2023-07-31 23:22:56;2649600;30.686767210254s
Rodgau;205;1000;3500;N;nicht heavy;139;579;24%;2023-05-01 07:00:44;2023-07-31 23:22:56;2649600;32.2371694381991s
Rodgau;205;1000;4000;D;Alle Gewichtsklassen;786;2934;27%;2023-05-01 07:00:44;2023-07-31 23:22:56;3974400;38.8889036482404s
Rodgau;205;1000;4000;D;heavy;367;641;57%;2023-05-01 07:00:44;2023-07-31 23:22:56;3974400;37.5724439554801s
Rodgau;205;1000;4000;D;nicht heavy;419;2293;18%;2023-05-01 07:00:44;2023-07-31 23:22:56;3974400;33.063520857896s
Rodgau;205;1000;4000;E;Alle Gewichtsklassen;222;962;23%;2023-05-01 07:00:44;2023-07-31 23:22:56;1324800;39.0115336513303s
Rodgau;205;1000;4000;E;heavy;125;338;37%;2023-05-01 07:00:44;2023-07-31 23:22:56;1324800;37.8870740395621s
Rodgau;205;1000;4000;E;nicht heavy;97;624;16%;2023-05-01 07:00:44;2023-07-31 23:22:56;1324800;32.5930234499647s
Rodgau;205;1000;4000;N;Alle Gewichtsklassen;185;711;26%;2023-05-01 07:00:44;2023-07-31 23:22:56;2649600;34.5410893878415s
Rodgau;205;1000;4000;N;heavy;46;118;39%;2023-05-01 07:00:44;2023-07-31 23:22:56;2649600;30.686767210254s
Rodgau;205;1000;4000;N;nicht heavy;139;593;23%;2023-05-01 07:00:44;2023-07-31 23:22:56;2649600;32.2371694381991s
Wiesbaden/Erbenheim;218;1500;500;D;Alle Gewichtsklassen;107;229;47%;2023-05-01 06:28:29;2023-07-31 22:55:08;3974400;32.750624191513s
Wiesbaden/Erbenheim;218;1500;500;D;heavy;89;122;73%;2023-05-01 06:28:29;2023-07-31 22:55:08;3974400;32.6407597894703s
Wiesbaden/Erbenheim;218;1500;500;D;nicht heavy;18;107;17%;2023-05-01 06:28:29;2023-07-31 22:55:08;3974400;16.7265346427919s
Wiesbaden/Erbenheim;218;1500;500;E;Alle Gewichtsklassen;65;100;65%;2023-05-01 06:28:29;2023-07-31 22:55:08;1324800;36.1178285616811s
Wiesbaden/Erbenheim;218;1500;500;E;heavy;56;61;92%;2023-05-01 06:28:29;2023-07-31 22:55:08;1324800;35.9109690342244s
Wiesbaden/Erbenheim;218;1500;500;E;nicht heavy;9;39;23%;2023-05-01 06:28:29;2023-07-31 22:55:08;1324800;22.7937214998163s
Wiesbaden/Erbenheim;218;1500;500;N;Alle Gewichtsklassen;19;30;63%;2023-05-01 06:28:29;2023-07-31 22:55:08;2649600;26.2693253871633s
Wiesbaden/Erbenheim;218;1500;500;N;heavy;14;16;88%;2023-05-01 06:28:29;2023-07-31 22:55:08;2649600;25.8645209091208s
Wiesbaden/Erbenheim;218;1500;500;N;nicht heavy;5;14;36%;2023-05-01 06:28:29;2023-07-31 22:55:08;2649600;15.7631051565106s
Wiesbaden/Erbenheim;218;1500;1000;D;Alle Gewichtsklassen;255;719;35%;2023-05-01 06:28:29;2023-07-31 22:55:08;3974400;36.1336124585112s
Wiesbaden/Erbenheim;218;1500;1000;D;heavy;180;280;64%;2023-05-01 06:28:29;2023-07-31 22:55:08;3974400;35.8350728426207s
Wiesbaden/Erbenheim;218;1500;1000;D;nicht heavy;75;439;17%;2023-05-01 06:28:29;2023-07-31 22:55:08;3974400;24.3573742841845s
Wiesbaden/Erbenheim;218;1500;1000;E;Alle Gewichtsklassen;121;235;51%;2023-05-01 06:28:29;2023-07-31 22:55:08;1324800;38.3525947347228s
Wiesbaden/Erbenheim;218;1500;1000;E;heavy;87;96;91%;2023-05-01 06:28:29;2023-07-31 22:55:08;1324800;38.0542129984052s
Wiesbaden/Erbenheim;218;1500;1000;E;nicht heavy;34;139;24%;2023-05-01 06:28:29;2023-07-31 22:55:08;1324800;26.5741372673479s
Wiesbaden/Erbenheim;218;1500;1000;N;Alle Gewichtsklassen;49;83;59%;2023-05-01 06:28:29;2023-07-31 22:55:08;2649600;30.845389970125s
Wiesbaden/Erbenheim;218;1500;1000;N;heavy;40;47;85%;2023-05-01 06:28:29;2023-07-31 22:55:08;2649600;30.5078236698381s
Wiesbaden/Erbenheim;218;1500;1000;N;nicht heavy;9;36;25%;2023-05-01 06:28:29;2023-07-31 22:55:08;2649600;19.5834477487725s
Wiesbaden/Erbenheim;218;1500;1500;D;Alle Gewichtsklassen;464;1461;32%;2023-05-01 06:28:29;2023-07-31 22:55:08;3974400;38.0338984191794s
Wiesbaden/Erbenheim;218;1500;1500;D;heavy;302;495;61%;2023-05-01 06:28:29;2023-07-31 22:55:08;3974400;37.5833324722766s
Wiesbaden/Erbenheim;218;1500;1500;D;nicht heavy;162;966;17%;2023-05-01 06:28:29;2023-07-31 22:55:08;3974400;27.9703035071158s
Wiesbaden/Erbenheim;218;1500;1500;E;Alle Gewichtsklassen;181;442;41%;2023-05-01 06:28:29;2023-07-31 22:55:08;1324800;39.6643984009983s
Wiesbaden/Erbenheim;218;1500;1500;E;heavy;125;146;86%;2023-05-01 06:28:29;2023-07-31 22:55:08;1324800;39.2313589791811s
Wiesbaden/Erbenheim;218;1500;1500;E;nicht heavy;56;296;19%;2023-05-01 06:28:29;2023-07-31 22:55:08;1324800;29.4371088869151s
Wiesbaden/Erbenheim;218;1500;1500;N;Alle Gewichtsklassen;76;140;54%;2023-05-01 06:28:29;2023-07-31 22:55:08;2649600;32.7677343856665s
Wiesbaden/Erbenheim;218;1500;1500;N;heavy;62;73;85%;2023-05-01 06:28:29;2023-07-31 22:55:08;2649600;32.3248502530542s
Wiesbaden/Erbenheim;218;1500;1500;N;nicht heavy;14;67;21%;2023-05-01 06:28:29;2023-07-31 22:55:08;2649600;22.6332321011398s
Wiesbaden/Erbenheim;218;1500;2000;D;Alle Gewichtsklassen;569;2220;26%;2023-05-01 06:28:29;2023-07-31 22:55:08;3974400;38.475446794521s
Wiesbaden/Erbenheim;218;1500;2000;D;heavy;340;609;56%;2023-05-01 06:28:29;2023-07-31 22:55:08;3974400;37.9415928694313s
Wiesbaden/Erbenheim;218;1500;2000;D;nicht heavy;229;1611;14%;2023-05-01 06:28:29;2023-07-31 22:55:08;3974400;29.107635096308s
Wiesbaden/Erbenheim;218;1500;2000;E;Alle Gewichtsklassen;219;679;32%;2023-05-01 06:28:29;2023-07-31 22:55:08;1324800;39.9257821694495s
Wiesbaden/Erbenheim;218;1500;2000;E;heavy;132;170;78%;2023-05-01 06:28:29;2023-07-31 22:55:08;1324800;39.4073480006923s
Wiesbaden/Erbenheim;218;1500;2000;E;nicht heavy;87;509;17%;2023-05-01 06:28:29;2023-07-31 22:55:08;1324800;30.4382364828266s
Wiesbaden/Erbenheim;218;1500;2000;N;Alle Gewichtsklassen;81;177;46%;2023-05-01 06:28:29;2023-07-31 22:55:08;2649600;32.8406803394279s
Wiesbaden/Erbenheim;218;1500;2000;N;heavy;66;84;79%;2023-05-01 06:28:29;2023-07-31 22:55:08;2649600;32.3889640694877s
Wiesbaden/Erbenheim;218;1500;2000;N;nicht heavy;15;93;16%;2023-05-01 06:28:29;2023-07-31 22:55:08;2649600;22.7875939017357s
Wiesbaden/Erbenheim;218;1500;2500;D;Alle Gewichtsklassen;1264;8665;15%;2023-05-01 06:28:29;2023-07-31 22:55:08;3974400;40.2500299024239s
Wiesbaden/Erbenheim;218;1500;2500;D;heavy;583;2352;25%;2023-05-01 06:28:29;2023-07-31 22:55:08;3974400;38.8990916049688s
Wiesbaden/Erbenheim;218;1500;2500;D;nicht heavy;681;6313;11%;2023-05-01 06:28:29;2023-07-31 22:55:08;3974400;34.5205682490718s
Wiesbaden/Erbenheim;218;1500;2500;E;Alle Gewichtsklassen;413;2522;16%;2023-05-01 06:28:29;2023-07-31 22:55:08;1324800;41.0733491056125s
Wiesbaden/Erbenheim;218;1500;2500;E;heavy;157;340;46%;2023-05-01 06:28:29;2023-07-31 22:55:08;1324800;39.5338368215315s
Wiesbaden/Erbenheim;218;1500;2500;E;nicht heavy;256;2182;12%;2023-05-01 06:28:29;2023-07-31 22:55:08;1324800;35.8222966409077s
Wiesbaden/Erbenheim;218;1500;2500;N;Alle Gewichtsklassen;99;570;17%;2023-05-01 06:28:29;2023-07-31 22:55:08;2649600;33.110082302003s
Wiesbaden/Erbenheim;218;1500;2500;N;heavy;69;176;39%;2023-05-01 06:28:29;2023-07-31 22:55:08;2649600;32.4086867411582s
Wiesbaden/Erbenheim;218;1500;2500;N;nicht heavy;30;394;8%;2023-05-01 06:28:29;2023-07-31 22:55:08;2649600;24.8458903867355s
Wiesbaden/Erbenheim;218;1500;3000;D;Alle Gewichtsklassen;1286;8853;15%;2023-05-01 06:28:29;2023-07-31 22:55:08;3974400;40.3065316362668s
Wiesbaden/Erbenheim;218;1500;3000;D;heavy;596;2410;25%;2023-05-01 06:28:29;2023-07-31 22:55:08;3974400;38.9354185776362s
Wiesbaden/Erbenheim;218;1500;3000;D;nicht heavy;690;6443;11%;2023-05-01 06:28:29;2023-07-31 22:55:08;3974400;34.6318861542781s
Wiesbaden/Erbenheim;218;1500;3000;E;Alle Gewichtsklassen;414;2567;16%;2023-05-01 06:28:29;2023-07-31 22:55:08;1324800;41.073961834625s
Wiesbaden/Erbenheim;218;1500;3000;E;heavy;157;342;46%;2023-05-01 06:28:29;2023-07-31 22:55:08;1324800;39.5338368215315s
Wiesbaden/Erbenheim;218;1500;3000;E;nicht heavy;257;2225;12%;2023-05-01 06:28:29;2023-07-31 22:55:08;1324800;35.8243492284766s
Wiesbaden/Erbenheim;218;1500;3000;N;Alle Gewichtsklassen;100;582;17%;2023-05-01 06:28:29;2023-07-31 22:55:08;2649600;33.1434959591441s
Wiesbaden/Erbenheim;218;1500;3000;N;heavy;69;178;39%;2023-05-01 06:28:29;2023-07-31 22:55:08;2649600;32.4086867411582s
Wiesbaden/Erbenheim;218;1500;3000;N;nicht heavy;31;404;8%;2023-05-01 06:28:29;2023-07-31 22:55:08;2649600;25.0651732444784s
Wiesbaden/Erbenheim;218;1500;3500;D;Alle Gewichtsklassen;1306;9056;14%;2023-05-01 06:28:29;2023-07-31 22:55:08;3974400;40.3604199417208s
Wiesbaden/Erbenheim;218;1500;3500;D;heavy;604;2456;25%;2023-05-01 06:28:29;2023-07-31 22:55:08;3974400;38.9496288517386s
Wiesbaden/Erbenheim;218;1500;3500;D;nicht heavy;702;6600;11%;2023-05-01 06:28:29;2023-07-31 22:55:08;3974400;34.7908870498447s
Wiesbaden/Erbenheim;218;1500;3500;E;Alle Gewichtsklassen;419;2619;16%;2023-05-01 06:28:29;2023-07-31 22:55:08;1324800;41.086914886795s
Wiesbaden/Erbenheim;218;1500;3500;E;heavy;157;346;45%;2023-05-01 06:28:29;2023-07-31 22:55:08;1324800;39.5338368215315s
Wiesbaden/Erbenheim;218;1500;3500;E;nicht heavy;262;2273;12%;2023-05-01 06:28:29;2023-07-31 22:55:08;1324800;35.8675824635096s
Wiesbaden/Erbenheim;218;1500;3500;N;Alle Gewichtsklassen;100;591;17%;2023-05-01 06:28:29;2023-07-31 22:55:08;2649600;33.1434959591441s
Wiesbaden/Erbenheim;218;1500;3500;N;heavy;69;179;39%;2023-05-01 06:28:29;2023-07-31 22:55:08;2649600;32.4086867411582s
Wiesbaden/Erbenheim;218;1500;3500;N;nicht heavy;31;412;8%;2023-05-01 06:28:29;2023-07-31 22:55:08;2649600;25.0651732444784s
Wiesbaden/Erbenheim;218;1500;4000;D;Alle Gewichtsklassen;1332;9266;14%;2023-05-01 06:28:29;2023-07-31 22:55:08;3974400;40.4368081570233s
Wiesbaden/Erbenheim;218;1500;4000;D;heavy;613;2506;24%;2023-05-01 06:28:29;2023-07-31 22:55:08;3974400;38.9808577629806s
Wiesbaden/Erbenheim;218;1500;4000;D;nicht heavy;719;6760;11%;2023-05-01 06:28:29;2023-07-31 22:55:08;3974400;34.9827741180486s
Wiesbaden/Erbenheim;218;1500;4000;E;Alle Gewichtsklassen;429;2683;16%;2023-05-01 06:28:29;2023-07-31 22:55:08;1324800;41.2132813115872s
Wiesbaden/Erbenheim;218;1500;4000;E;heavy;157;349;45%;2023-05-01 06:28:29;2023-07-31 22:55:08;1324800;39.5338368215315s
Wiesbaden/Erbenheim;218;1500;4000;E;nicht heavy;272;2334;12%;2023-05-01 06:28:29;2023-07-31 22:55:08;1324800;36.2743993458983s
Wiesbaden/Erbenheim;218;1500;4000;N;Alle Gewichtsklassen;103;611;17%;2023-05-01 06:28:29;2023-07-31 22:55:08;2649600;33.2118999797458s
Wiesbaden/Erbenheim;218;1500;4000;N;heavy;70;184;38%;2023-05-01 06:28:29;2023-07-31 22:55:08;2649600;32.4175438583486s
Wiesbaden/Erbenheim;218;1500;4000;N;nicht heavy;33;427;8%;2023-05-01 06:28:29;2023-07-31 22:55:08;2649600;25.4430834810743s
Mainz/Universitätsmedizin;228;1500;500;D;Alle Gewichtsklassen;2;40;5%;2023-05-01 05:02:14;2023-07-31 22:12:02;3974400;15.7009357625021s
Mainz/Universitätsmedizin;228;1500;500;D;heavy;1;13;8%;2023-05-01 05:02:14;2023-07-31 22:12:02;3974400;11.5272842583953s
Mainz/Universitätsmedizin;228;1500;500;D;nicht heavy;1;27;4%;2023-05-01 05:02:14;2023-07-31 22:12:02;3974400;13.6072842583953s
Mainz/Universitätsmedizin;228;1500;500;E;Alle Gewichtsklassen;0;12;0%;2023-05-01 05:02:14;2023-07-31 22:12:02;1324800;-Infs (~-Inf years)
Mainz/Universitätsmedizin;228;1500;500;E;heavy;0;1;0%;2023-05-01 05:02:14;2023-07-31 22:12:02;1324800;-Infs (~-Inf years)
Mainz/Universitätsmedizin;228;1500;500;E;nicht heavy;0;11;0%;2023-05-01 05:02:14;2023-07-31 22:12:02;1324800;-Infs (~-Inf years)
Mainz/Universitätsmedizin;228;1500;500;N;Alle Gewichtsklassen;1;8;12%;2023-05-01 05:02:14;2023-07-31 22:12:02;2649600;8.13819684895214s
Mainz/Universitätsmedizin;228;1500;500;N;nicht heavy;1;8;12%;2023-05-01 05:02:14;2023-07-31 22:12:02;2649600;8.13819684895214s
Mainz/Universitätsmedizin;228;1500;1000;D;Alle Gewichtsklassen;8;101;8%;2023-05-01 05:02:14;2023-07-31 22:12:02;3974400;20.3635051577755s
Mainz/Universitätsmedizin;228;1500;1000;D;heavy;3;23;13%;2023-05-01 05:02:14;2023-07-31 22:12:02;3974400;15.7451498387167s
Mainz/Universitätsmedizin;228;1500;1000;D;nicht heavy;5;78;6%;2023-05-01 05:02:14;2023-07-31 22:12:02;3974400;18.5240979124227s
Mainz/Universitätsmedizin;228;1500;1000;E;Alle Gewichtsklassen;1;34;3%;2023-05-01 05:02:14;2023-07-31 22:12:02;1324800;13.6284968055919s
Mainz/Universitätsmedizin;228;1500;1000;E;heavy;0;1;0%;2023-05-01 05:02:14;2023-07-31 22:12:02;1324800;-Infs (~-Inf years)
Mainz/Universitätsmedizin;228;1500;1000;E;nicht heavy;1;33;3%;2023-05-01 05:02:14;2023-07-31 22:12:02;1324800;13.6284968055919s
Mainz/Universitätsmedizin;228;1500;1000;N;Alle Gewichtsklassen;3;18;17%;2023-05-01 05:02:14;2023-07-31 22:12:02;2649600;12.921897659095s
Mainz/Universitätsmedizin;228;1500;1000;N;nicht heavy;3;18;17%;2023-05-01 05:02:14;2023-07-31 22:12:02;2649600;12.921897659095s
Mainz/Universitätsmedizin;228;1500;1500;D;Alle Gewichtsklassen;707;6174;11%;2023-05-01 05:02:14;2023-07-31 22:12:02;3974400;39.614515983569s
Mainz/Universitätsmedizin;228;1500;1500;D;heavy;321;1199;27%;2023-05-01 05:02:14;2023-07-31 22:12:02;3974400;37.4121372877572s
Mainz/Universitätsmedizin;228;1500;1500;D;nicht heavy;386;4975;8%;2023-05-01 05:02:14;2023-07-31 22:12:02;3974400;35.6108401068921s
Mainz/Universitätsmedizin;228;1500;1500;E;Alle Gewichtsklassen;297;1833;16%;2023-05-01 05:02:14;2023-07-31 22:12:02;1324800;39.8048043421608s
Mainz/Universitätsmedizin;228;1500;1500;E;heavy;32;102;31%;2023-05-01 05:02:14;2023-07-31 22:12:02;1324800;31.2856988666809s
Mainz/Universitätsmedizin;228;1500;1500;E;nicht heavy;265;1731;15%;2023-05-01 05:02:14;2023-07-31 22:12:02;1324800;39.1465874496816s
Mainz/Universitätsmedizin;228;1500;1500;N;Alle Gewichtsklassen;223;488;46%;2023-05-01 05:02:14;2023-07-31 22:12:02;2649600;35.6460385057424s
Mainz/Universitätsmedizin;228;1500;1500;N;heavy;92;155;59%;2023-05-01 05:02:14;2023-07-31 22:12:02;2649600;33.2776170497891s
Mainz/Universitätsmedizin;228;1500;1500;N;nicht heavy;131;333;39%;2023-05-01 05:02:14;2023-07-31 22:12:02;2649600;31.8822591425892s
Mainz/Universitätsmedizin;228;1500;2000;D;Alle Gewichtsklassen;710;6237;11%;2023-05-01 05:02:14;2023-07-31 22:12:02;3974400;39.6326210577614s
Mainz/Universitätsmedizin;228;1500;2000;D;heavy;324;1217;27%;2023-05-01 05:02:14;2023-07-31 22:12:02;3974400;37.4421594366467s
Mainz/Universitätsmedizin;228;1500;2000;D;nicht heavy;386;5020;8%;2023-05-01 05:02:14;2023-07-31 22:12:02;3974400;35.6108401068921s
Mainz/Universitätsmedizin;228;1500;2000;E;Alle Gewichtsklassen;299;1856;16%;2023-05-01 05:02:14;2023-07-31 22:12:02;1324800;39.8255561643667s
Mainz/Universitätsmedizin;228;1500;2000;E;heavy;33;104;32%;2023-05-01 05:02:14;2023-07-31 22:12:02;1324800;31.3681008174441s
Mainz/Universitätsmedizin;228;1500;2000;E;nicht heavy;266;1752;15%;2023-05-01 05:02:14;2023-07-31 22:12:02;1324800;39.1571664879369s
Mainz/Universitätsmedizin;228;1500;2000;N;Alle Gewichtsklassen;224;494;45%;2023-05-01 05:02:14;2023-07-31 22:12:02;2649600;35.6541592165877s
Mainz/Universitätsmedizin;228;1500;2000;N;heavy;93;156;60%;2023-05-01 05:02:14;2023-07-31 22:12:02;2649600;33.2916175025487s
Mainz/Universitätsmedizin;228;1500;2000;N;nicht heavy;131;338;39%;2023-05-01 05:02:14;2023-07-31 22:12:02;2649600;31.8822591425892s
Mainz/Universitätsmedizin;228;1500;2500;D;Alle Gewichtsklassen;713;6373;11%;2023-05-01 05:02:14;2023-07-31 22:12:02;3974400;39.655656778413s
Mainz/Universitätsmedizin;228;1500;2500;D;heavy;327;1267;26%;2023-05-01 05:02:14;2023-07-31 22:12:02;3974400;37.4802392559047s
Mainz/Universitätsmedizin;228;1500;2500;D;nicht heavy;386;5106;8%;2023-05-01 05:02:14;2023-07-31 22:12:02;3974400;35.6108401068921s
Mainz/Universitätsmedizin;228;1500;2500;E;Alle Gewichtsklassen;300;1884;16%;2023-05-01 05:02:14;2023-07-31 22:12:02;1324800;39.9200374397953s
Mainz/Universitätsmedizin;228;1500;2500;E;heavy;33;106;31%;2023-05-01 05:02:14;2023-07-31 22:12:02;1324800;31.3681008174441s
Mainz/Universitätsmedizin;228;1500;2500;E;nicht heavy;267;1778;15%;2023-05-01 05:02:14;2023-07-31 22:12:02;1324800;39.2671697516127s
Mainz/Universitätsmedizin;228;1500;2500;N;Alle Gewichtsklassen;224;506;44%;2023-05-01 05:02:14;2023-07-31 22:12:02;2649600;35.6541592165877s
Mainz/Universitätsmedizin;228;1500;2500;N;heavy;93;157;59%;2023-05-01 05:02:14;2023-07-31 22:12:02;2649600;33.2916175025487s
Mainz/Universitätsmedizin;228;1500;2500;N;nicht heavy;131;349;38%;2023-05-01 05:02:14;2023-07-31 22:12:02;2649600;31.8822591425892s
Mainz/Universitätsmedizin;228;1500;3000;D;Alle Gewichtsklassen;771;10337;7%;2023-05-01 05:02:14;2023-07-31 22:12:02;3974400;40.1648318683396s
Mainz/Universitätsmedizin;228;1500;3000;D;heavy;359;3191;11%;2023-05-01 05:02:14;2023-07-31 22:12:02;3974400;37.8488996691787s
Mainz/Universitätsmedizin;228;1500;3000;D;nicht heavy;412;7146;6%;2023-05-01 05:02:14;2023-07-31 22:12:02;3974400;36.3276180513211s
Mainz/Universitätsmedizin;228;1500;3000;E;Alle Gewichtsklassen;334;2928;11%;2023-05-01 05:02:14;2023-07-31 22:12:02;1324800;40.7786617269342s
Mainz/Universitätsmedizin;228;1500;3000;E;heavy;45;384;12%;2023-05-01 05:02:14;2023-07-31 22:12:02;1324800;31.9918868376282s
Mainz/Universitätsmedizin;228;1500;3000;E;nicht heavy;289;2544;11%;2023-05-01 05:02:14;2023-07-31 22:12:02;1324800;40.1627194542036s
Mainz/Universitätsmedizin;228;1500;3000;N;Alle Gewichtsklassen;226;920;25%;2023-05-01 05:02:14;2023-07-31 22:12:02;2649600;35.7716157228503s
Mainz/Universitätsmedizin;228;1500;3000;N;heavy;94;328;29%;2023-05-01 05:02:14;2023-07-31 22:12:02;2649600;33.3015474203952s
Mainz/Universitätsmedizin;228;1500;3000;N;nicht heavy;132;592;22%;2023-05-01 05:02:14;2023-07-31 22:12:02;2649600;32.1442070052638s
Mainz/Universitätsmedizin;228;1500;3500;D;Alle Gewichtsklassen;1165;22238;5%;2023-05-01 05:02:14;2023-07-31 22:12:02;3974400;42.1121808057891s
Mainz/Universitätsmedizin;228;1500;3500;D;heavy;465;6609;7%;2023-05-01 05:02:14;2023-07-31 22:12:02;3974400;38.7427610998792s
Mainz/Universitätsmedizin;228;1500;3500;D;nicht heavy;700;15629;4%;2023-05-01 05:02:14;2023-07-31 22:12:02;3974400;39.4335595263917s
Mainz/Universitätsmedizin;228;1500;3500;E;Alle Gewichtsklassen;503;6468;8%;2023-05-01 05:02:14;2023-07-31 22:12:02;1324800;43.0756838808069s
Mainz/Universitätsmedizin;228;1500;3500;E;heavy;64;800;8%;2023-05-01 05:02:14;2023-07-31 22:12:02;1324800;34.376535214235s
Mainz/Universitätsmedizin;228;1500;3500;E;nicht heavy;439;5668;8%;2023-05-01 05:02:14;2023-07-31 22:12:02;1324800;42.4462328703743s
Mainz/Universitätsmedizin;228;1500;3500;N;Alle Gewichtsklassen;242;1801;13%;2023-05-01 05:02:14;2023-07-31 22:12:02;2649600;36.304344657786s
Mainz/Universitätsmedizin;228;1500;3500;N;heavy;98;654;15%;2023-05-01 05:02:14;2023-07-31 22:12:02;2649600;33.5367033937622s
Mainz/Universitätsmedizin;228;1500;3500;N;nicht heavy;144;1147;13%;2023-05-01 05:02:14;2023-07-31 22:12:02;2649600;33.0370210525978s
Mainz/Universitätsmedizin;228;1500;4000;D;Alle Gewichtsklassen;1179;22992;5%;2023-05-01 05:02:14;2023-07-31 22:12:02;3974400;42.1791778635006s
Mainz/Universitätsmedizin;228;1500;4000;D;heavy;471;6759;7%;2023-05-01 05:02:14;2023-07-31 22:12:02;3974400;38.7907896474324s
Mainz/Universitätsmedizin;228;1500;4000;D;nicht heavy;708;16233;4%;2023-05-01 05:02:14;2023-07-31 22:12:02;3974400;39.5166704355965s
Mainz/Universitätsmedizin;228;1500;4000;E;Alle Gewichtsklassen;508;6661;8%;2023-05-01 05:02:14;2023-07-31 22:12:02;1324800;43.1539554694077s
Mainz/Universitätsmedizin;228;1500;4000;E;heavy;64;807;8%;2023-05-01 05:02:14;2023-07-31 22:12:02;1324800;34.376535214235s
Mainz/Universitätsmedizin;228;1500;4000;E;nicht heavy;444;5854;8%;2023-05-01 05:02:14;2023-07-31 22:12:02;1324800;42.5365860036398s
Mainz/Universitätsmedizin;228;1500;4000;N;Alle Gewichtsklassen;242;1834;13%;2023-05-01 05:02:14;2023-07-31 22:12:02;2649600;36.304344657786s
Mainz/Universitätsmedizin;228;1500;4000;N;heavy;98;656;15%;2023-05-01 05:02:14;2023-07-31 22:12:02;2649600;33.5367033937622s
Mainz/Universitätsmedizin;228;1500;4000;N;nicht heavy;144;1178;12%;2023-05-01 05:02:14;2023-07-31 22:12:02;2649600;33.0370210525978s
Frankfurt/Gallus;297;500;500;D;Alle Gewichtsklassen;1779;2191;81%;2023-08-01 05:02:03;2023-10-31 20:48:55;3974400;47.9972188881489s
Frankfurt/Gallus;297;500;500;D;heavy;1;4;25%;2023-08-01 05:02:03;2023-10-31 20:48:55;3974400;7.43728425839533s
Frankfurt/Gallus;297;500;500;D;nicht heavy;1778;2187;81%;2023-08-01 05:02:03;2023-10-31 20:48:55;3974400;47.9968371109941s
Frankfurt/Gallus;297;500;500;E;Alle Gewichtsklassen;597;628;95%;2023-08-01 05:02:03;2023-10-31 20:48:55;1324800;47.5534584475019s
Frankfurt/Gallus;297;500;500;E;nicht heavy;597;628;95%;2023-08-01 05:02:03;2023-10-31 20:48:55;1324800;47.5534584475019s
Frankfurt/Gallus;297;500;500;N;Alle Gewichtsklassen;17;18;94%;2023-08-01 05:02:03;2023-10-31 20:48:55;2653200;28.0842321182576s
Frankfurt/Gallus;297;500;500;N;nicht heavy;17;18;94%;2023-08-01 05:02:03;2023-10-31 20:48:55;2653200;28.0842321182576s
Frankfurt/Gallus;297;500;1000;D;Alle Gewichtsklassen;1786;2218;81%;2023-08-01 05:02:03;2023-10-31 20:48:55;3974400;48.0066791103769s
Frankfurt/Gallus;297;500;1000;D;heavy;1;8;12%;2023-08-01 05:02:03;2023-10-31 20:48:55;3974400;7.43728425839533s
Frankfurt/Gallus;297;500;1000;D;nicht heavy;1785;2210;81%;2023-08-01 05:02:03;2023-10-31 20:48:55;3974400;48.0062981639773s
Frankfurt/Gallus;297;500;1000;E;Alle Gewichtsklassen;597;634;94%;2023-08-01 05:02:03;2023-10-31 20:48:55;1324800;47.5534584475019s
Frankfurt/Gallus;297;500;1000;E;nicht heavy;597;634;94%;2023-08-01 05:02:03;2023-10-31 20:48:55;1324800;47.5534584475019s
Frankfurt/Gallus;297;500;1000;N;Alle Gewichtsklassen;17;23;74%;2023-08-01 05:02:03;2023-10-31 20:48:55;2653200;28.0842321182576s
Frankfurt/Gallus;297;500;1000;N;heavy;0;1;0%;2023-08-01 05:02:03;2023-10-31 20:48:55;2653200;-Infs (~-Inf years)
Frankfurt/Gallus;297;500;1000;N;nicht heavy;17;22;77%;2023-08-01 05:02:03;2023-10-31 20:48:55;2653200;28.0842321182576s
Frankfurt/Gallus;297;500;1500;D;Alle Gewichtsklassen;1786;2232;80%;2023-08-01 05:02:03;2023-10-31 20:48:55;3974400;48.0066791103769s
Frankfurt/Gallus;297;500;1500;D;heavy;1;13;8%;2023-08-01 05:02:03;2023-10-31 20:48:55;3974400;7.43728425839533s
Frankfurt/Gallus;297;500;1500;D;nicht heavy;1785;2219;80%;2023-08-01 05:02:03;2023-10-31 20:48:55;3974400;48.0062981639773s
Frankfurt/Gallus;297;500;1500;E;Alle Gewichtsklassen;597;641;93%;2023-08-01 05:02:03;2023-10-31 20:48:55;1324800;47.5534584475019s
Frankfurt/Gallus;297;500;1500;E;nicht heavy;597;641;93%;2023-08-01 05:02:03;2023-10-31 20:48:55;1324800;47.5534584475019s
Frankfurt/Gallus;297;500;1500;N;Alle Gewichtsklassen;17;28;61%;2023-08-01 05:02:03;2023-10-31 20:48:55;2653200;28.0842321182576s
Frankfurt/Gallus;297;500;1500;N;heavy;0;1;0%;2023-08-01 05:02:03;2023-10-31 20:48:55;2653200;-Infs (~-Inf years)
Frankfurt/Gallus;297;500;1500;N;nicht heavy;17;27;63%;2023-08-01 05:02:03;2023-10-31 20:48:55;2653200;28.0842321182576s
Frankfurt/Gallus;297;500;2000;D;Alle Gewichtsklassen;1788;2252;79%;2023-08-01 05:02:03;2023-10-31 20:48:55;3974400;48.0131541306894s
Frankfurt/Gallus;297;500;2000;D;heavy;1;16;6%;2023-08-01 05:02:03;2023-10-31 20:48:55;3974400;7.43728425839533s
Frankfurt/Gallus;297;500;2000;D;nicht heavy;1787;2236;80%;2023-08-01 05:02:03;2023-10-31 20:48:55;3974400;48.0127737518554s
Frankfurt/Gallus;297;500;2000;E;Alle Gewichtsklassen;597;649;92%;2023-08-01 05:02:03;2023-10-31 20:48:55;1324800;47.5534584475019s
Frankfurt/Gallus;297;500;2000;E;heavy;0;1;0%;2023-08-01 05:02:03;2023-10-31 20:48:55;1324800;-Infs (~-Inf years)
Frankfurt/Gallus;297;500;2000;E;nicht heavy;597;648;92%;2023-08-01 05:02:03;2023-10-31 20:48:55;1324800;47.5534584475019s
Frankfurt/Gallus;297;500;2000;N;Alle Gewichtsklassen;17;33;52%;2023-08-01 05:02:03;2023-10-31 20:48:55;2653200;28.0842321182576s
Frankfurt/Gallus;297;500;2000;N;heavy;0;1;0%;2023-08-01 05:02:03;2023-10-31 20:48:55;2653200;-Infs (~-Inf years)
Frankfurt/Gallus;297;500;2000;N;nicht heavy;17;32;53%;2023-08-01 05:02:03;2023-10-31 20:48:55;2653200;28.0842321182576s
Frankfurt/Gallus;297;500;2500;D;Alle Gewichtsklassen;1789;2281;78%;2023-08-01 05:02:03;2023-10-31 20:48:55;3974400;48.0169386269941s
Frankfurt/Gallus;297;500;2500;D;heavy;2;21;10%;2023-08-01 05:02:03;2023-10-31 20:48:55;3974400;17.833033102505s
Frankfurt/Gallus;297;500;2500;D;nicht heavy;1787;2260;79%;2023-08-01 05:02:03;2023-10-31 20:48:55;3974400;48.0127737518554s
Frankfurt/Gallus;297;500;2500;E;Alle Gewichtsklassen;597;663;90%;2023-08-01 05:02:03;2023-10-31 20:48:55;1324800;47.5534584475019s
Frankfurt/Gallus;297;500;2500;E;heavy;0;2;0%;2023-08-01 05:02:03;2023-10-31 20:48:55;1324800;-Infs (~-Inf years)
Frankfurt/Gallus;297;500;2500;E;nicht heavy;597;661;90%;2023-08-01 05:02:03;2023-10-31 20:48:55;1324800;47.5534584475019s
Frankfurt/Gallus;297;500;2500;N;Alle Gewichtsklassen;18;37;49%;2023-08-01 05:02:03;2023-10-31 20:48:55;2653200;28.113955900712s
Frankfurt/Gallus;297;500;2500;N;heavy;0;2;0%;2023-08-01 05:02:03;2023-10-31 20:48:55;2653200;-Infs (~-Inf years)
Frankfurt/Gallus;297;500;2500;N;nicht heavy;18;35;51%;2023-08-01 05:02:03;2023-10-31 20:48:55;2653200;28.113955900712s
Frankfurt/Gallus;297;500;3000;D;Alle Gewichtsklassen;1791;2313;77%;2023-08-01 05:02:03;2023-10-31 20:48:55;3974400;48.0348665938213s
Frankfurt/Gallus;297;500;3000;D;heavy;2;27;7%;2023-08-01 05:02:03;2023-10-31 20:48:55;3974400;17.833033102505s
Frankfurt/Gallus;297;500;3000;D;nicht heavy;1789;2286;78%;2023-08-01 05:02:03;2023-10-31 20:48:55;3974400;48.0307188843236s
Frankfurt/Gallus;297;500;3000;E;Alle Gewichtsklassen;599;679;88%;2023-08-01 05:02:03;2023-10-31 20:48:55;1324800;47.5582645434447s
Frankfurt/Gallus;297;500;3000;E;heavy;0;2;0%;2023-08-01 05:02:03;2023-10-31 20:48:55;1324800;-Infs (~-Inf years)
Frankfurt/Gallus;297;500;3000;E;nicht heavy;599;677;88%;2023-08-01 05:02:03;2023-10-31 20:48:55;1324800;47.5582645434447s
Frankfurt/Gallus;297;500;3000;N;Alle Gewichtsklassen;18;47;38%;2023-08-01 05:02:03;2023-10-31 20:48:55;2653200;28.113955900712s
Frankfurt/Gallus;297;500;3000;N;heavy;0;4;0%;2023-08-01 05:02:03;2023-10-31 20:48:55;2653200;-Infs (~-Inf years)
Frankfurt/Gallus;297;500;3000;N;nicht heavy;18;43;42%;2023-08-01 05:02:03;2023-10-31 20:48:55;2653200;28.113955900712s
Frankfurt/Gallus;297;500;3500;D;Alle Gewichtsklassen;1791;2349;76%;2023-08-01 05:02:03;2023-10-31 20:48:55;3974400;48.0348665938213s
Frankfurt/Gallus;297;500;3500;D;heavy;2;34;6%;2023-08-01 05:02:03;2023-10-31 20:48:55;3974400;17.833033102505s
Frankfurt/Gallus;297;500;3500;D;nicht heavy;1789;2315;77%;2023-08-01 05:02:03;2023-10-31 20:48:55;3974400;48.0307188843236s
Frankfurt/Gallus;297;500;3500;E;Alle Gewichtsklassen;599;704;85%;2023-08-01 05:02:03;2023-10-31 20:48:55;1324800;47.5582645434447s
Frankfurt/Gallus;297;500;3500;E;heavy;0;4;0%;2023-08-01 05:02:03;2023-10-31 20:48:55;1324800;-Infs (~-Inf years)
Frankfurt/Gallus;297;500;3500;E;nicht heavy;599;700;86%;2023-08-01 05:02:03;2023-10-31 20:48:55;1324800;47.5582645434447s
Frankfurt/Gallus;297;500;3500;N;Alle Gewichtsklassen;18;51;35%;2023-08-01 05:02:03;2023-10-31 20:48:55;2653200;28.113955900712s
Frankfurt/Gallus;297;500;3500;N;heavy;0;4;0%;2023-08-01 05:02:03;2023-10-31 20:48:55;2653200;-Infs (~-Inf years)
Frankfurt/Gallus;297;500;3500;N;nicht heavy;18;47;38%;2023-08-01 05:02:03;2023-10-31 20:48:55;2653200;28.113955900712s
Frankfurt/Gallus;297;500;4000;D;Alle Gewichtsklassen;1841;12773;14%;2023-08-01 05:02:03;2023-10-31 20:48:55;3974400;48.0946737174539s
Frankfurt/Gallus;297;500;4000;D;heavy;14;2639;1%;2023-08-01 05:02:03;2023-10-31 20:48:55;3974400;25.6874865444605s
Frankfurt/Gallus;297;500;4000;D;nicht heavy;1827;10134;18%;2023-08-01 05:02:03;2023-10-31 20:48:55;3974400;48.0696520598907s
Frankfurt/Gallus;297;500;4000;E;Alle Gewichtsklassen;617;3722;17%;2023-08-01 05:02:03;2023-10-31 20:48:55;1324800;47.6833533240632s
Frankfurt/Gallus;297;500;4000;E;heavy;3;256;1%;2023-08-01 05:02:03;2023-10-31 20:48:55;1324800;24.2403047759727s
Frankfurt/Gallus;297;500;4000;E;nicht heavy;614;3466;18%;2023-08-01 05:02:03;2023-10-31 20:48:55;1324800;47.6636534214471s
Frankfurt/Gallus;297;500;4000;N;Alle Gewichtsklassen;24;400;6%;2023-08-01 05:02:03;2023-10-31 20:48:55;2653200;29.9046681156702s
Frankfurt/Gallus;297;500;4000;N;heavy;2;185;1%;2023-08-01 05:02:03;2023-10-31 20:48:55;2653200;15.7158617548252s
Frankfurt/Gallus;297;500;4000;N;nicht heavy;22;215;10%;2023-08-01 05:02:03;2023-10-31 20:48:55;2653200;29.7358903496545s
